495360,"агальсидаза бета"
495201,"етацизин"
494216,"метоксифлуран"
494215,"метоксифлуран"
494133,"улінастатин"
493554,"кишкова паличка"
493512,"кишкова паличка"
493496,"кислота аскорбінова (вітамін С)"
493495,"парацетамол"
493494,"фенірамін"
493493,"фенілефрин"
493383,"кислота аскорбінова (вітамін С)"
493382,"фенілефрин"
493381,"фенірамін"
493380,"парацетамол"
493320,"кислота аскорбінова"
493319,"фенірамін"
493318,"фенілефрин"
493317,"парацетамол"
493242,"кислота аскорбінова"
493241,"фенірамін"
493240,"парацетамол"
493212,"кислота аскорбінова (вітамін С)"
493210,"кислота аскорбінова (вітамін С)"
493209,"фенірамін"
493208,"парацетамол"
493118,"кліщі домашнього пилу"
493117,"кліщі домашнього пилу"
493116,"кліщі домашнього пилу"
493115,"кліщі домашнього пилу"
493114,"кліщі домашнього пилу"
492926,"кислота аскорбінова (вітамін С)"
492808,"*leonuri herba"
492798,"кисень"
492617,"кисень"
491972,"*календули настойка"
491971,"*календули настойка"
491970,"*календули настойка"
491969,"*календули настойка"
491928,"*календули настойка"
491927,"*календули настойка"
491926,"*календули настойка"
491925,"*календули настойка"
491901,"сертаконазол"
491882,"*achillea millefolium"
491881,"*achillea millefolium"
491880,"*achillea millefolium"
491826,"*календули настойка"
491825,"*календули настойка"
491824,"*календули настойка"
491710,"*грициків трава"
491709,"*грициків трава"
491689,"*трава золототисячника"
491688,"*трава золототисячника"
491687,"*трава золототисячника"
491587,"технецію (99mTc) пертехнетат"
490856,"етанол"
490803,"*cynara scolymus"
490380,"препарати плодів пальми повзучої"
490203,"каберголін"
490178,"дексибупрофен"
490158,"дексибупрофен"
490132,"йогексол"
490100,"йогексол"
490085,"оксаліплатин"
490084,"оксаліплатин"
490083,"оксаліплатин"
490060,"кальцію фолінат"
490059,"кальцію фолінат"
490058,"кальцію фолінат"
490049,"левокарнітин"
490043,"бусульфан"
490038,"еноксапарин"
490037,"еноксапарин"
490036,"еноксапарин"
490035,"еноксапарин"
490034,"еноксапарин"
490011,"бортезоміб"
489997,"азитроміцин"
489989,"азитроміцин"
489974,"десфлуран"
489967,"ризатриптан"
489955,"ризатриптан"
489943,"дексаметазон"
489935,"мельдоній"
489928,"левокарнітин"
489906,"дидрогестерон"
489883,"інозин пранобекс"
489867,"інозин пранобекс"
489857,"добутамін"
489818,"поліферментні препарати (ліпаза, протеаза та ін.)"
489803,"поліферментні препарати (ліпаза, протеаза та ін.)"
489788,"поліферментні препарати (ліпаза, протеаза та ін.)"
489733,"поліферментні препарати (ліпаза, протеаза та ін.)"
489705,"*aspergillus niger"
489589,"етанол"
489588,"етанол"
489507,"*нагідок квітки"
489506,"*нагідок квітки"
489505,"*нагідок квітки"
489476,"*melissae herba"
489475,"*melissae herba"
489474,"*melissae herba"
489382,"ібупрофен"
488271,"парацетамол"
488151,"кандесартан"
488120,"кандесартан"
488079,"кандесартан"
488035,"кандесартан"
487880,"рацекадотрил"
487872,"рацекадотрил"
487767,"рибоцикліб"
487726,"комбінації"
487725,"комбінації"
487549,"*calendula officinalis"
487341,"*календули квітки"
487340,"*календули квітки"
487339,"*календули квітки"
487338,"*календули квітки"
487337,"*calendula officinalis"
487305,"кальцію фолінат"
487304,"кальцію фолінат"
487303,"кальцію фолінат"
487302,"кальцію фолінат"
487301,"кальцію фолінат"
487150,"калію хлорид"
487149,"калію хлорид"
487042,"*живокосту кореня"
487040,"*живокосту кореня"
487038,"*живокосту настойка"
486925,"кандесартан"
486607,"дифтерійний анатоксин"
486606,"*КАШЛЮКОВИЙ ВОЛОКНИСТИЙ ГЕМАГЛЮТИНІН, АДСОРБОВАНИЙ НА АЛЮМІНІЮ ГІДРОКСИДІ"
486605,"вакцина проти дифтерії, кашлюку, поліомієліту, правця"
486604,"вакцина проти дифтерії, кашлюку, поліомієліту, правця"
486603,"вакцина проти дифтерії, кашлюку, поліомієліту, правця"
486602,"*кашлюковий пертактин"
486601,"*кашлюковий анатоксин адсорбований"
486600,"правцевий анатоксин"
486446,"*дибукаїн гідрохлорид"
486445,"декваліній"
486403,"*дибукаїн гідрохлорид"
486402,"декваліній"
486382,"*дибукаїн гідрохлорид"
486381,"декваліній"
486327,"тилорон"
486326,"*специфічні бактеріофаги до таких видів мікроорганізмів: shigella flexneri, shigella sonnei, salmonella enterica, escherichia coli, proteus vulgaris, proteus mirabilis, enterococcus faecalis, staphylococcus aureus, pseudomonas aeruginosa"
486272,"тилорон"
486186,"альбендазол"
486091,"тамсулозин"
486090,"тамсулозин та соліфенацин"
485889,"ізотретиноїн"
485876,"ізотретиноїн"
485758,"*пеларгонії кореня"
485498,"аденозин"
485497,"аденозин"
485420,"мометазон"
485385,"левофлоксацин"
485371,"мометазон"
485193,"левокарнітин"
485150,"мемантин"
485141,"мемантин"
484952,"мелоксикам"
484951,"мелоксикам"
484950,"мелоксикам"
484864,"мелоксикам"
484856,"мелоксикам"
484655,"тербінафін"
484654,"тербінафін"
484463,"лакозамід"
484426,"*colchicum autumnale"
484288,"*симетикон"
484215,"клопідогрел"
484214,"кислота ацетилсаліцилова"
483932,"пембролізумаб"
483892,"ольмесартан медоксоміл та діуретики"
483891,"ольмесартан медоксоміл та діуретики"
483862,"кислота ацетилсаліцилова"
483841,"кислота ацетилсаліцилова"
483614,"прогестерон"
483599,"прогестерон"
483525,"декскетопрофен"
483465,"лінезолід"
483464,"лінезолід"
483332,"вінпоцетин"
483320,"вінпоцетин"
483259,"холіну саліцилат"
483258,"цефазолін"
483257,"цефазолін"
483255,"цефазолін"
483254,"цефазолін"
483246,"ондансетрон"
483075,"німесулід"
483013,"нефопам"
483008,"алюмінію фосфат"
483007,"алюмінію фосфат"
482988,"*enterococcus faecalis"
482987,"*klebsiella pneumoniae"
482983,"кишкова паличка"
482981,"кишкова паличка"
482980,"*enterococcus faecalis"
482979,"*klebsiella pneumoniae"
482978,"*Вода для ін'єкцій"
482977,"*Вода для ін'єкцій"
482956,"небіволол"
482936,"пантопразол"
482935,"пантопразол"
482934,"пантопразол"
482933,"пантопразол"
482918,"летрозол"
482891,"летрозол"
482813,"*кислота левофолінова"
482744,"гідрохлоротіазид"
482743,"лізиноприл"
482742,"гідрохлоротіазид"
482741,"лізиноприл"
482740,"гідрохлоротіазид"
482739,"лізиноприл"
482738,"гідрохлоротіазид"
482737,"лізиноприл"
482735,"пантопразол"
482714,"молнупіравір"
482705,"дутастерид"
482663,"раміприл"
482662,"гідрохлоротіазид"
482640,"раміприл"
482639,"гідрохлоротіазид"
482614,"монтелукаст"
482577,"монтелукаст"
482535,"ібупрофен"
482524,"ібупрофен"
482517,"зидовудин"
482486,"тіоколхікозид"
482446,"клопідогрел"
482445,"клопідогрел"
482440,"декскетопрофен"
482410,"церлипоназа альфа"
482380,"дієногест"
482367,"вільдагліптин"
482359,"лефлуномід"
482289,"левокарнітин"
482273,"ібупрофен"
482264,"кліохінол"
482263,"флуметазон"
482232,"леветирацетам"
482231,"леветирацетам"
482221,"*симетикон"
481916,"цитиколін"
481915,"цитиколін"
481834,"кислота ацетилсаліцилова"
481833,"кислота ацетилсаліцилова"
481827,"гліцин"
481789,"агомелатин"
481775,"агомелатин"
481701,"*sulfur"
481700,"*vincetoxicum hirundinaria"
481699,"*vincetoxicum hirundinaria"
481698,"*vincetoxicum hirundinaria"
481697,"*sulfur"
481696,"*sulfur"
481695,"*vincetoxicum hirundinaria"
481694,"*sulfur"
481693,"*vincetoxicum hirundinaria"
481692,"*vincetoxicum hirundinaria"
481691,"*vincetoxicum hirundinaria"
481690,"*sulfur"
481689,"*vincetoxicum hirundinaria"
481688,"*vincetoxicum hirundinaria"
481687,"*sulfur"
481682,"флумазеніл"
481610,"цитиколін"
481600,"суматриптан"
481592,"суматриптан"
481585,"празугрел"
481578,"празугрел"
481556,"*натрію лактат"
481555,"кальцію хлорид"
481554,"калію хлорид"
481553,"натрію хлорид"
481546,"мельдоній"
481538,"*лідокаїн"
481537,"цетилпіридиній"
481536,"лізоцим"
481533,"*етилметилгідроксипіридину сукцинат"
481532,"*етилметилгідроксипіридину сукцинат"
481507,"тамсулозин и дутастерид"
481506,"тамсулозин и дутастерид"
481497,"торасемід"
481478,"цинеол"
481472,"тіоколхікозид"
481459,"ібупрофен"
481451,"ібупрофен"
481445,"*евкаліпта настойка"
481440,"трастузумаб дерукстекан"
481424,"диклофенак"
481423,"ванкоміцин"
481422,"ванкоміцин"
481390,"гідроксид заліза"
481385,"локсопрофен"
481374,"фенілефрин, комбінації"
481373,"кислота аскорбінова"
481372,"фенірамін"
481371,"парацетамол, комбінації без психолептиків"
481365,"ібупрофен"
481350,"еторикоксиб"
481330,"метформін"
481329,"глімепірид"
481318,"еторикоксиб"
481303,"еторикоксиб"
481269,"сахароміцети булардії"
481260,"еверолімус"
481229,"еверолімус"
481168,"метформін"
481167,"глімепірид"
481166,"метформін"
481165,"глімепірид"
481158,"еверолімус"
481131,"долутегравір"
481091,"атракурій"
481041,"домперидон"
481040,"домперидон"
480989,"налбуфін"
480988,"налбуфін"
480987,"налбуфін"
480930,"*колоїдний кремнію діоксид"
480925,"натрію хлорид"
480922,"*гліцерин"
480920,"домперидон"
480919,"домперидон"
480819,"натрію докузат"
480818,"натрію докузат"
480811,"етамбутол"
480810,"етамбутол"
480732,"натрію докузат"
480731,"натрію докузат"
480682,"кальцитріол"
480604,"*серратіопептидаза"
480603,"диклофенак, комбінації"
480602,"парацетамол"
480528,"вакцини проти папиломавірусів людини (типи 6, 11, 16, 18)"
480527,"вакцини проти папиломавірусів людини (типи 6, 11, 16, 18)"
480526,"вакцини проти папиломавірусів людини (типи 6, 11, 16, 18)"
480525,"вакцини проти папиломавірусів людини (типи 6, 11, 16, 18)"
480524,"вакцини проти папиломавірусів людини (типи 6, 11, 16, 18)"
480523,"вакцини проти папиломавірусів людини (типи 6, 11, 16, 18)"
480522,"вакцини проти папиломавірусів людини (типи 6, 11, 16, 18)"
480521,"вакцини проти папиломавірусів людини (типи 6, 11, 16, 18)"
480510,"окскарбазепін"
480500,"окскарбазепін"
480423,"кислота вальпроєва"
480411,"розувастатин, периндоприл та індапамід"
480410,"розувастатин, периндоприл та індапамід"
480409,"розувастатин, периндоприл та індапамід"
480351,"розувастатин, периндоприл та індапамід"
480350,"розувастатин, периндоприл та індапамід"
480349,"периндоприл, бісопролол, амлодипін та індапамід"
480299,"розувастатин, периндоприл та індапамід"
480298,"розувастатин, периндоприл та індапамід"
480297,"розувастатин, периндоприл та індапамід"
480241,"розувастатин, периндоприл та індапамід"
480240,"розувастатин, периндоприл та індапамід"
480239,"розувастатин, периндоприл та індапамід"
480184,"кросповідон"
480182,"рифампіцин, піразинамід, етамбутол і ізоніазид"
480181,"рифампіцин, піразинамід, етамбутол і ізоніазид"
480180,"ізоніазид, сульфаметоксазол, триметоприм та піридоксин"
480179,"рифампіцин, піразинамід, етамбутол і ізоніазид"
480097,"моксифлоксацин"
479998,"моксифлоксацин"
479968,"метформін"
479967,"метформін"
479966,"метформін"
479932,"метформін"
479931,"метформін"
479930,"метформін"
479896,"метформін"
479895,"метформін"
479894,"метформін"
479764,"езомепразол"
479730,"левофлоксацин"
479718,"левофлоксацин"
479655,"каспофунгін"
479569,"зофеноприл та діуретики"
479542,"інозин пранобекс"
479532,"інозин пранобекс"
479499,"етамбутол"
479460,"дезлоратадин"
479441,"аморолфін"
479381,"біластин"
479312,"будесонід"
479311,"будесонід"
479283,"пантопразол"
479272,"прегабалін"
479263,"прегабалін"
479196,"прегабалін"
479134,"*гліцерин"
479128,"натрію хлорид"
479127,"натрію цитрат"
479126,"кислота лимонна"
479124,"ібупрофен"
478851,"*колоїдний кремнію діоксид"
478847,"*лактози моногідрат"
478846,"гіпромелоза"
478844,"гідрохлоротіазид"
478843,"небіволол"
478804,"налбуфін"
478795,"*лактози моногідрат"
478788,"моксифлоксацин"
478758,"кросповідон"
478757,"*маніт"
478754,"кислота лимонна"
478753,"*повідон"
478751,"*сорбіт"
478749,"мелоксикам"
478740,"ламотригін"
478734,"кросповідон"
478730,"кислота лимонна"
478729,"*повідон"
478727,"*сорбіт"
478724,"*маніт"
478723,"мелоксикам"
478696,"циклобензаприн"
478675,"ламотригін"
478651,"циклобензаприн"
478609,"ламотригін"
478486,"калію йодид"
478444,"силденафіл"
478416,"силденафіл"
478381,"ерлотиніб"
478341,"ерлотиніб"
478290,"ерлотиніб"
478250,"епірубіцин"
478132,"*колоїдний кремнію діоксид"
478130,"*лактози моногідрат"
478128,"монтелукаст"
478101,"домперидон"
478085,"гілтеритиніб"
478054,"домперидон"
478010,"вальсартан і діуретики"
477940,"вальcартан"
477920,"*лактози моногідрат"
477919,"лоперамід"
477888,"декскетопрофен"
477819,"естрадіол"
477761,"*кальцію гідрофосфат"
477758,"*повідон"
477753,"*хлорфеніраміну малеат"
477752,"кофеїн"
477751,"фенілефрин"
477708,"езомепразол"
477677,"езомепразол"
477572,"фенілефрин"
477571,"кофеїн"
477568,"парацетамол"
477449,"*лактози моногідрат"
477448,"*вода очищена usp"
477441,"левоноргестрел"
477336,"парацетамол"
477306,"езомепразол"
477294,"гліцерол"
477212,"*лактози моногідрат"
477208,"гідрохлоротіазид"
477170,"*лактози моногідрат"
477165,"гідрохлоротіазид"
477058,"пентоксифілін"
477044,"*колоїдний кремнію діоксид"
477041,"уміфеновір"
477023,"раміприл"
476961,"ацетилцистеїн"
476938,"раміприл"
476914,"метамізол натрію"
476890,"фреманезумаб"
476739,"кислота мефенамова"
476684,"кислота мефенамова"
476658,"сертралін"
476643,"*повідон"
476641,"*маніт"
476640,"сунітиніб"
476620,"*повідон"
476618,"*маніт"
476617,"сунітиніб"
476606,"бензокаїн"
476600,"*Вода для ін'єкцій"
476598,"*меглюмін"
476597,"кислота тіоктова"
476593,"тазобактам"
476578,"цефподоксим"
476575,"тіоколхікозид"
476567,"кабазитаксел"
476550,"*вода для ін'єкцій"
476547,"доксорубіцин"
476534,"*колоїдний кремнію діоксид"
476533,"*тригліцериди середнього ланцюга"
476532,"*вітаміну d3 (холекальциферол у вигляді порошку холекальциферол"
476520,"дулоксетин"
476519,"*вода для ін'єкцій"
476516,"Вітамін В12 (ціанокобаламін та його аналоги)"
476503,"дулоксетин"
476499,"аргініну гідрохлорид"
476466,"*лактози моногідрат"
476459,"*колоїдний кремнію діоксид"
476456,"акситиніб"
476454,"*колоїдний кремнію діоксид"
476449,"натрію хлорид"
476446,"*гліцерин"
476444,"домперидон"
476443,"домперидон"
476420,"*колоїдний кремнію діоксид"
476417,"акситиніб"
476393,"азитроміцин"
476340,"азитроміцин"
476310,"амброксол"
476266,"*Вода для ін'єкцій"
476261,"*гістидину гідрохлориду моногідрат"
476259,"адалімумаб"
476251,"даунорубіцин"
476229,"хлоргексидин"
476183,"фінастерид"
476158,"триметазидин"
476103,"німодипін"
476060,"гліцерилу тринітрат"
476001,"диметилфумарат"
475923,"диметилфумарат"
475879,"диметилфумарат"
475837,"диметилфумарат"
475802,"левофлоксацин"
475787,"левофлоксацин"
475738,"сугаммадекс"
475718,"суматриптан"
475694,"суматриптан"
475637,"колекальциферол"
475592,"макрогол"
475589,"гіпромелоза"
475588,"оксикодон"
475587,"*колоїдний кремнію діоксид"
475584,"макрогол"
475578,"гіпромелоза"
475576,"оксикодон"
475572,"*колоїдний кремнію діоксид"
475571,"гіпромелоза"
475563,"макрогол"
475562,"оксикодон"
475538,"еторикоксиб"
475529,"макрогол"
475528,"*колоїдний кремнію діоксид"
475524,"гіпромелоза"
475519,"оксикодон"
475493,"еторикоксиб"
475478,"циклофосфамід"
475466,"мометазон"
475448,"метформін"
475434,"торасемід"
475427,"циклофосфамід"
475321,"арипіпразол"
475269,"еторикоксиб"
475212,"еторикоксиб"
475203,"рифампіцин та ізоніазид"
475202,"рифампіцин та ізоніазид"
475197,"*повідон"
475195,"*колоїдний кремнію діоксид"
475192,"амлодипін"
475140,"перампанел"
475119,"*повідон"
475117,"*колоїдний кремнію діоксид"
475114,"амлодипін"
475074,"лопінавір і ритонавір"
475073,"лопінавір і ритонавір"
475063,"перампанел"
475044,"аргініну гідрохлорид"
475019,"*лактози моногідрат"
475018,"аторвастатин"
475002,"пантопразол"
474964,"аторвастатин"
474953,"мільнаципран"
474936,"флекаїнід"
474884,"мільнаципран"
474860,"ондансетрон"
474853,"лідокаїн"
474845,"йогексол"
474844,"йогексол"
474816,"іміквімод"
474797,"ондансетрон"
474766,"йогексол"
474765,"йогексол"
474738,"диметилфумарат"
474696,"диметилфумарат"
474672,"атракурій"
474645,"*Вода для ін'єкцій"
474644,"йогексол"
474643,"йогексол"
474642,"йогексол"
474641,"йогексол"
474604,"*лактози моногідрат"
474603,"флуконазол"
474572,"*лактози моногідрат"
474564,"флуконазол"
474563,"*колоїдний кремнію діоксид"
474539,"*колоїдний кремнію діоксид"
474536,"*лактози моногідрат"
474535,"флуконазол"
474512,"*вода очищена usp"
474510,"*карбомер"
474509,"трометамол"
474506,"*діетиламіну саліцилат"
474505,"*есцин"
474467,"диметилфумарат"
474438,"цефтазидим"
474412,"азацитидин"
474311,"*симетикон"
474309,"азацитидин"
474227,"дроспіренон і етинілестрадіол"
474226,"дроспіренон і етинілестрадіол"
473981,"розувастатин"
473869,"розувастатин"
473744,"*натрію вальпроат"
473674,"бортезоміб"
473673,"бортезоміб"
473634,"ципрофлоксацин"
473399,"пантопразол"
473311,"пантопразол"
473275,"протамін"
473184,"розувастатин"
473145,"абіратерон"
473135,"*колоїдний кремнію діоксид"
473131,"*маніт"
473129,"пантопразол"
473068,"кальцію фосфат"
473067,"кислота лимонна"
473066,"*яблучна кислота"
473065,"натрію цитрат"
473064,"кислота аскорбінова"
473063,"фенірамін"
473062,"фенілефрин"
473061,"парацетамол"
473055,"фульвестрант"
473033,"*гліцерин"
473031,"*симетикон"
473030,"альверин"
472940,"розувастатин"
472835,"розувастатин"
472746,"*повідон"
472744,"етинілестрадіол"
472743,"левоноргестрел"
472733,"розувастатин"
472686,"*колоїдний кремнію діоксид"
472684,"*лактози моногідрат"
472683,"амброксол"
472652,"*діоксиду кремнію"
472651,"кризотиніб"
472612,"*глоду плоди"
472611,"*пустирника трава"
472610,"*валеріана"
472549,"*вода"
472548,"етанол"
472535,"*колоїдний кремнію діоксид"
472534,"кризотиніб"
472526,"гіпромелоза"
472525,"саксагліптин"
472524,"метформін"
472516,"еплеренон"
472507,"гіпромелоза"
472506,"саксагліптин"
472505,"метформін"
472497,"гіпромелоза"
472495,"метформін"
472494,"саксагліптин"
472470,"еплеренон"
472433,"*колоїдний кремнію діоксид"
472430,"уміфеновір"
472418,"цефепім"
472394,"торасемід"
472367,"осельтамівір"
472345,"осельтамівір"
472313,"осельтамівір"
472292,"дезлоратадин"
472270,"етанол"
472269,"*карбомер"
472268,"*левоментол"
472267,"ібупрофен"
472257,"*вода для ін'єкцій"
472255,"натрію хлорид"
472254,"аргініну гідрохлорид"
472250,"етанерцепт"
472249,"етанерцепт"
472219,"декспантенол"
472205,"пірацетам"
472180,"*аміаку розчин"
472177,"олія рицинова"
472176,"*карбомер"
472174,"*гліцерин"
472173,"етанол"
472172,"диклофенак"
472171,"диклофенак"
472156,"пірацетам"
472138,"тофацитиніб"
472108,"диклофенак"
472107,"диклофенак"
472106,"диклофенак"
472105,"диклофенак"
472077,"дієногест та етинілестрадіол"
472076,"дієногест та етинілестрадіол"
472029,"силденафіл"
471879,"*повідон"
471877,"*повідон"
471876,"гліцин"
471875,"гліцин"
471853,"лізиноприл та амлодипін"
471852,"лізиноприл та амлодипін"
471843,"кофеїн-бензоат натрію"
471842,"метамізол натрій, комбінації без психолептиків"
471808,"цетиризин"
471807,"декстрометорфан, комбінації"
471806,"хлорфенамін, комбінації"
471805,"парацетамол, комбінації без психолептиків"
471775,"напроксен"
471749,"монтелукаст"
471730,"цефподоксим"
471498,"*Натрію гідроксид"
471496,"декскетопрофен"
471434,"помалідомід"
471404,"помалідомід"
471378,"помалідомід"
471352,"фентаніл"
471342,"фентаніл"
471332,"фентаніл"
471322,"фентаніл"
471311,"парацетамол"
471255,"парацетамол"
471246,"тофацитиніб"
471214,"гідроксикарбамід"
471200,"гідрокортизон"
471140,"парацетамол"
471139,"диклофенак, комбінації"
471130,"метамізол натрію"
471116,"аміодарон"
471071,"силденафіл"
471047,"диклофенак"
471031,"німесулід"
471026,"цефтазидим"
471020,"*лактози моногідрат"
471014,"*лактози моногідрат"
471013,"амброксол"
471012,"амброксол"
470946,"*лактози моногідрат"
470945,"гіпромелоза"
470942,"фінеренон"
470932,"диклофенак"
470893,"*лактози моногідрат"
470889,"фінеренон"
470834,"розувастатин"
470809,"*гінкго екстракт"
470778,"*гінкго екстракт"
470747,"*гінкго екстракт"
470726,"*денотивір"
470703,"парацетамол"
470702,"ібупрофен"
470696,"*вазелін"
470695,"*вазелін"
470675,"*метилу саліцилат"
470674,"*левоментол"
470630,"метамізол натрію"
470606,"ібупрофен"
470592,"цефтріаксон"
470589,"цефтріаксон"
470543,"ібупрофен"
470460,"глімепірид"
470433,"німодипін"
470409,"глімепірид"
470395,"глімепірид"
470365,"дулоксетин"
470232,"дулоксетин"
470210,"тадалафіл"
470113,"метотрексат"
470084,"дронедарон"
470009,"теразозин"
469995,"метотрексат"
469920,"метотрексат"
469887,"монтелукаст"
469851,"теразозин"
469829,"карбамазепін"
469795,"монтелукаст"
469785,"левофлоксацин"
469773,"теразозин"
469750,"глатирамеру ацетат"
469728,"теразозин"
469599,"глатирамеру ацетат"
469471,"агальсидаза альфа"
469449,"пірацетам"
469434,"індапамід"
469398,"індапамід"
469346,"силденафіл"
469284,"левофлоксацин"
469279,"левофлоксацин"
469264,"адалімумаб"
469229,"адалімумаб"
469193,"левофлоксацин"
469103,"цефподоксим"
469098,"адеметіонін"
469093,"адеметіонін"
469074,"німесулід"
468991,"левофлоксацин"
468789,"цитиколін"
468782,"фуросемід"
468740,"цитиколін"
468707,"флутиказон"
468630,"*дицикломіну гідрохлорид"
468629,"парацетамол"
468628,"інсулін (людський)"
468627,"інсулін (людський)"
468619,"інсулін (людський)"
468602,"фенібут"
468558,"тіоколхікозид"
468446,"фенібут"
468412,"інсулін (людський)"
468408,"інсулін (людський)"
468380,"гідрохлоротіазид"
468379,"тельміcартан"
468362,"фенібут"
468304,"гідрохлоротіазид"
468303,"тельміcартан"
468162,"гідрохлоротіазид"
468161,"тельміcартан"
468160,"*вода для ін'єкцій"
468158,"сальбутамол"
468151,"йогексол"
468150,"*вода для ін'єкцій"
468145,"йогексол"
468093,"рисперидон"
468049,"*вазелін"
468005,"рисперидон"
467987,"амлодипін"
467986,"тельміcартан"
467984,"інсулін (людський)"
467979,"інсулін (людський)"
467974,"інсулін (людський)"
467924,"рисперидон"
467918,"оксибупрокаїн"
467863,"рисперидон"
467823,"тельміcартан"
467815,"амлодипін"
467771,"ондансетрон"
467709,"амлодипін"
467707,"тельміcартан"
467633,"дабігатран етексилат"
467574,"дабігатран етексилат"
467553,"цетиризин"
467489,"дабігатран етексилат"
467449,"амлодипін"
467448,"тельміcартан"
467185,"парацетамол"
467175,"фталілсульфатіазол"
467154,"мелоксикам"
467142,"мелоксикам"
467138,"кислота золедронова"
467093,"німесулід"
467082,"левофлоксацин"
467014,"декваліній"
466973,"мельдоній"
466971,"мельдоній"
466926,"ондансетрон"
466909,"кислота транексамова"
466873,"ондансетрон"
466745,"фелодипін"
466718,"фелодипін"
466674,"преднізолон"
466645,"левофлоксацин"
466570,"фелодипін"
466499,"клопідогрел"
466343,"тіазотна кислота"
466334,"бензидамін"
466303,"праміпексол"
466156,"праміпексол"
466137,"апіксабан"
466091,"апіксабан"
466064,"бензидамін"
466002,"паклітаксел"
465988,"мемантин"
465982,"мемантин"
465858,"меркаптопурин"
465802,"бензидамін"
465787,"троксерутин"
465729,"*натрію вальпроат"
465705,"ацетилцистеїн"
465603,"ривароксабан"
465568,"соматропін"
465529,"*антраль"
465490,"*антраль"
465421,"амітриптилін"
465419,"ривароксабан"
465372,"соматропін"
465319,"оксиметазолін"
465305,"троксерутин"
465292,"амброксол"
465169,"тестостерон"
465168,"тестостерон"
465167,"тестостерон"
465166,"тестостерон"
464778,"омепразол"
464438,"оксиметазолін"
464311,"розувастатин"
464289,"сахароміцети булардії"
464244,"разагілін"
464186,"розувастатин"
463907,"німесулід"
463680,"ціанокобаламін"
463679,"*піридоксину гідрохлорид"
463678,"*тіаміну гідрохлорид"
463484,"бортезоміб"
463397,"*клавуланова кислота"
463396,"амоксицилін та інгібітор бета-лактамаз"
463375,"хлорамфенікол"
463374,"метронідазол"
463373,"лідокаїн"
463308,"кислота саліцилова"
463307,"флуметазон"
463042,"прегабалін"
462648,"прегабалін"
462645,"блеоміцин"
461965,"інтерферон альфа-2b"
461947,"прегабалін"
461837,"прегабалін"
461736,"аміодарон"
461714,"ритуксимаб"
461681,"позаконазол"
461615,"ібупрофен"
461579,"метилпреднізолон"
461562,"метилпреднізолон"
461549,"оксаліплатин"
461462,"ібупрофен"
461426,"ліраглутид"
461393,"напроксен"
461206,"*тримекаїн"
461205,"*метилурацил"
461204,"сульфадиметоксин"
461203,"хлорамфенікол"
461198,"альбумін"
461183,"кислота тіоктова"
461169,"розувастатин"
461149,"розувастатин"
461129,"розувастатин"
461109,"розувастатин"
461063,"ібупрофен"
461024,"альбендазол"
460997,"ітоприд"
460979,"алмотриптан"
460963,"езомепразол"
460942,"левофлоксацин"
460934,"кислота тіоктова"
460922,"анастрозол"
460749,"лозартан"
460738,"цитиколін"
460704,"амфотерицин В"
460658,"лозартан"
460625,"лозартан"
460369,"йод"
460217,"кислота гадотерова"
460182,"диклофенак"
459707,"сугаммадекс"
459665,"алектиніб"
459631,"біластин"
459596,"цефепім"
459569,"цефепім"
459523,"хлоргексидин"
459440,"арипіпразол"
459399,"арипіпразол"
459352,"*шипшини плоди"
459351,"*чистотілу трава"
459350,"*софори японської плоди"
459349,"*ромашки квітки"
459348,"*кропиви листя"
459347,"*нагідок квітки"
459346,"*аїру кореневища"
459229,"кислота урсодезоксихолева"
459197,"тадалафіл"
459170,"кислота урсодезоксихолева"
459145,"*lavandulae herba"
459144,"*tanaceti flores"
459143,"*chamomillae recutitae flores"
459142,"*chelidoni herba"
459141,"*calendula officinalis"
459140,"*menthae folia"
459139,"*деревію трава"
459069,"*дицикломін"
459066,"парацетамол"
458999,"хондроїтину сульфат"
458911,"еверолімус"
458832,"цитиколін"
458804,"дапагліфлозин"
458795,"метформін"
458729,"оксиметазолін"
458653,"оксиметазолін"
458624,"метформін"
458622,"дапагліфлозин"
458526,"доксиламін"
458512,"римантадин"
458411,"дапагліфлозин"
458408,"метформін"
458382,"доксиламін"
458295,"тіоридазин"
458277,"праміпексол"
458262,"праміпексол"
458254,"цефтріаксон"
458223,"пірацетам"
458208,"пірацетам"
458171,"тіоридазин"
458079,"ксилометазолін"
458045,"оксаліплатин"
457906,"гідрохлоротіазид"
457905,"небіволол"
457841,"мометазон"
457750,"*соєвих бобів фосфатидилхолін"
457702,"тимолол"
457700,"латанопрост"
457657,"доксазозин"
457645,"доксазозин"
457628,"доксазозин"
457610,"доксазозин"
457594,"доксазозин"
457582,"клобетазол"
457566,"доксазозин"
457535,"клобетазол"
457483,"аторвастатин"
457482,"амлодипін"
457461,"аторвастатин"
457460,"амлодипін"
457386,"триметазидин"
457342,"пантопразол"
457270,"пантопразол"
457243,"фосфоміцин"
457164,"триметазидин"
457120,"карбамазепін"
457101,"нафтифін"
457073,"дротаверин"
457052,"карбамазепін"
457038,"доцетаксел"
457037,"доцетаксел"
457033,"доцетаксел"
456945,"диклофенак"
456916,"інсулін (людський)"
456908,"мельдоній"
456899,"хондроїтину сульфат"
456889,"ципрофлоксацин"
456861,"*інсулін людський (рднк)"
456819,"*інсулін людський (рднк)"
456790,"індапамід"
456789,"периндоприл"
456788,"розувастатин"
456749,"індапамід"
456748,"периндоприл"
456747,"розувастатин"
456720,"індапамід"
456719,"периндоприл"
456718,"розувастатин"
456691,"індапамід"
456690,"периндоприл"
456689,"розувастатин"
456655,"розувастатин"
456624,"розувастатин"
456593,"розувастатин"
456579,"диметилсульфоксид"
456578,"індометацин"
456535,"інозин пранобекс"
456520,"колекальциферол"
456510,"колекальциферол"
456498,"колекальциферол"
456475,"*тіотриазолін"
456461,"глікозиди глоду"
456460,"глікозиди глоду"
456459,"глікозиди глоду"
456420,"еторикоксиб"
456410,"кислота вальпроєва"
456393,"фентаніл"
456344,"*натрію вальпроат"
456326,"еторикоксиб"
456301,"фентаніл"
456281,"гідрокортизон бутират"
456277,"гідрокортизон бутират"
456266,"біластин"
456257,"фентаніл"
456172,"фентаніл"
456144,"еторикоксиб"
456095,"гідрохлоротіазид"
456064,"еторикоксиб"
456015,"диклофенак"
456014,"диклофенак"
456003,"диклофенак"
455954,"еторикоксиб"
455883,"гідрохлоротіазид"
455784,"тилорон"
455674,"тилорон"
455623,"гідрохлоротіазид"
455601,"цефтазидим"
455590,"цефтазидим"
455555,"дезлоратадин"
455495,"аторвастатин"
455448,"аторвастатин"
455407,"ексеместан"
455364,"аторвастатин"
455304,"аторвастатин"
455257,"ксилометазолін"
455156,"талазопариб"
455138,"диклофенак"
455137,"диклофенак"
455126,"диклофенак"
455095,"талазопариб"
455079,"диметилсульфоксид"
455060,"пантопразол"
455051,"диметилсульфоксид"
455050,"*перцю стручкового екстракт"
455026,"праміпексол"
454990,"диклофенак"
454976,"праміпексол"
454835,"ібупрофен"
454831,"дротаверин"
454830,"парацетамол"
454776,"тенектеплаза"
454772,"окситетрациклін"
454771,"гідрокортизон"
454708,"кислота аскорбінова (вітамін С)"
454707,"фенілефрин"
454706,"парацетамол"
454653,"левофлоксацин"
454633,"декскетопрофен"
454599,"клотримазол"
454562,"кислота аскорбінова (вітамін С)"
454561,"фенілефрин"
454560,"парацетамол"
454514,"лоратадин"
454502,"лоратадин"
454447,"*ейкозапентаєнова кислота/докозагексаєнова кислота"
454433,"*хлорфеніраміну малеат"
454428,"кофеїн"
454426,"парацетамол"
454423,"кислота аскорбінова"
454382,"цефподоксим"
454332,"цефподоксим"
454322,"листя Гінкго"
454321,"листя Гінкго"
454301,"кислота аскорбінова (вітамін С)"
454300,"фенілефрин"
454299,"парацетамол"
454282,"гідрокортизон"
454267,"*левоментол"
454266,"диклофенак"
454216,"ібупрофен"
454072,"доксиламін"
454071,"доксиламін"
454067,"доксиламін"
454003,"бетагістин"
453985,"моксифлоксацин"
453962,"бетагістин"
453931,"бетагістин"
453915,"трастузумаб"
453823,"гепарин"
453747,"сульфадиметоксин"
453691,"аторвастатин"
453670,"вугілля медичне активоване"
453643,"аторвастатин"
453634,"гадобутрол"
453633,"гадобутрол"
453632,"гадобутрол"
453631,"гадобутрол"
453630,"гадобутрол"
453629,"гадобутрол"
453624,"гадобутрол"
453584,"аторвастатин"
453506,"аторвастатин"
453453,"аторвастатин"
453420,"фенілефрин"
453222,"аторвастатин"
453111,"аторвастатин"
453109,"кислота борна"
453044,"*гідрокарбонат натрію"
453043,"бензокаїн"
453042,"метамізол натрію"
452999,"аторвастатин"
452966,"аторвастатин"
452921,"аторвастатин"
452867,"аторвастатин"
452851,"*гідрокарбонат натрію"
452850,"бензокаїн"
452849,"метамізол натрію"
452799,"аторвастатин"
452776,"ципрофлоксацин"
452740,"цефтазидим"
452721,"фульвестрант"
452705,"цефтазидим"
452696,"гентаміцин"
452695,"бетаметазон"
452682,"цефотаксим"
452661,"вакцини проти папіломавірусів людини (типи 16, 18)"
452660,"вакцини проти папіломавірусів людини (типи 16, 18)"
452595,"*калію аспарагінат"
452594,"*магнію аспарагінат"
452543,"метформін"
452542,"емпагліфлозин"
452508,"*хондроїтину сульфату натрію"
452505,"*хондроїтину сульфату натрію"
452490,"метформін"
452489,"емпагліфлозин"
452476,"цефтазидим"
452429,"парацетамол"
452427,"кислота ацетилсаліцилова"
452421,"кофеїн"
452420,"парацетамол"
452419,"кислота ацетилсаліцилова"
452412,"аторвастатин"
452361,"амброксол"
452349,"клопідогрел"
452324,"аторвастатин"
452289,"офлоксацин"
452273,"толперизон"
452116,"аторвастатин"
452108,"амброксол"
452093,"холіну альфосцерат"
452030,"толперизон"
452017,"німодипін"
451902,"аторвастатин"
451846,"метотрексат"
451840,"*етилметилгідроксипіридину сукцинат"
451809,"*есцин"
451808,"диклофенак"
451747,"метотрексат"
451746,"метотрексат"
451745,"метотрексат"
451744,"метотрексат"
451723,"прегабалін"
451692,"аторвастатин"
451662,"аторвастатин"
451642,"аторвастатин"
451602,"азитроміцин"
451528,"раміприл"
451483,"метформін"
451453,"раміприл"
451408,"азитроміцин"
451343,"метформін"
451324,"азитроміцин"
451291,"раміприл"
451210,"левоцетиризин"
451176,"ампіцилін"
451053,"*калію аспарагінат"
451052,"*магнію аспарагінат"
451020,"цитарабін"
450992,"парацетамол"
450863,"прегабалін"
450840,"прегабалін"
450817,"прегабалін"
450737,"макрогол"
450736,"макрогол"
450733,"макрогол"
450730,"макрогол"
450709,"ібупрофен"
450701,"ібупрофен"
450673,"*іхтіол"
450618,"ексеместан"
450578,"цинеол"
450535,"диклофенак"
450501,"макрогол"
450497,"цефтазидим"
450454,"ібупрофен"
450434,"ванкоміцин"
450295,"ропінірол"
450218,"карбоцистеїн"
450204,"ібупрофен"
449643,"ропінірол"
449056,"позаконазол"
448069,"ропінірол"
447850,"філграстим"
447844,"філграстим"
447833,"*доксиламіну гідрогену сукцинат"
447832,"*розчин ментолу в ментиловому ефірі кислоти ізовалеріанової (валідол)"
447831,"*етил-α-бромізовалерат стабілізований"
447810,"цетиризин"
447793,"прегабалін"
447761,"прегабалін"
447702,"філграстим"
447696,"філграстим"
447618,"етамбутол"
447617,"ізоніазид"
447616,"рифампіцин"
447606,"меропенем"
447598,"дезлоратадин"
447588,"дезлоратадин"
447563,"дутастерид"
447550,"філграстим"
447503,"декскетопрофен"
447495,"*етилметилгідроксипіридину сукцинат"
447474,"омепразол"
447434,"омепразол"
447403,"ензалутамід"
447372,"ензалутамід"
447275,"омалізумаб"
447257,"цефтріаксон"
447242,"диклофенак"
447229,"омепразол"
447171,"кислота золедронова"
447164,"омепразол"
447141,"цефуроксим"
447111,"цефуроксим"
447093,"гідрохлоротіазид"
447057,"Інгібітори бета-лактамаз"
447056,"цефтазидим"
446996,"цефподоксим"
446977,"вакцина проти дифтерії, гемофільної інфекції типу B, кашлюку, поліомієліту, правця"
446976,"*полірибозилрибітол фосфат, кон’югований з правцевим протеїном"
446965,"*кашлюковий пертактин"
446964,"*нитчастий гемаглютинін"
446963,"*кашлюковий анатоксин"
446962,"правцевий анатоксин"
446961,"дифтерійний анатоксин"
446940,"гідрохлоротіазид"
446902,"цефподоксим"
446846,"кислота урсодезоксихолева"
446826,"гідрохлоротіазид"
446799,"добутамін"
446793,"добутамін"
446774,"кислота урсодезоксихолева"
446762,"гідрохлоротіазид"
446733,"тенофовір дизопроксил"
446732,"емтрицитабін"
446731,"ефавіренз"
446676,"тікагрелор"
446616,"дезогестрел"
446605,"дезогестрел"
446585,"напроксен"
446577,"гідрохлоротіазид"
446526,"розувастатин"
446454,"розувастатин"
446431,"дорзоламід"
446430,"тимолол"
446379,"розувастатин"
446336,"атазанавір"
446299,"тазобактам"
446298,"піперацилін"
446257,"диклофенак"
446252,"диклофенак"
446244,"ропівакаїн"
446232,"атазанавір"
446213,"ропівакаїн"
446189,"атазанавір"
446177,"ропівакаїн"
446166,"цитарабін"
446100,"ізотретиноїн"
446076,"*хлоркрезол"
446074,"хлоргексидин"
446073,"гексамідин"
446043,"аторвастатин"
445995,"аторвастатин"
445985,"ізотретиноїн"
445908,"лінезолід"
445892,"лідокаїн"
445890,"цефотаксим"
445843,"ципрофлоксацин"
445834,"цефотаксим"
445833,"цефотаксим"
445819,"кветіапін"
445780,"кветіапін"
445767,"вакцина проти гепатиту А, інактивована, що містить цілий вірус"
445758,"вакцина проти гепатиту А, інактивована, що містить цілий вірус"
445749,"вакцина проти гепатиту А, інактивована, що містить цілий вірус"
445740,"вакцина проти гепатиту А, інактивована, що містить цілий вірус"
445714,"кветіапін"
445690,"кветіапін"
445643,"кветіапін"
445572,"вакцина проти гепатиту А, інактивована, що містить цілий вірус"
445563,"вакцина проти гепатиту А, інактивована, що містить цілий вірус"
445554,"вакцина проти гепатиту А, інактивована, що містить цілий вірус"
445545,"вакцина проти гепатиту А, інактивована, що містить цілий вірус"
445430,"тадалафіл"
445400,"кислота золедронова"
445375,"кислота золедронова"
445335,"*левоментол"
445329,"ібупрофен"
445315,"тадалафіл"
445289,"дакарбазин"
445273,"дакарбазин"
445260,"тадалафіл"
445251,"дакарбазин"
445230,"дакарбазин"
445203,"дроспіренон"
445202,"етинілестрадіол"
445154,"цефтазидим"
445138,"цефтазидим"
445115,"фенірамін"
445114,"кислота аскорбінова"
445113,"парацетамол"
445092,"тадалафіл"
445000,"Препарати заліза для парентерального застосування"
444935,"метформін"
444885,"натрію хлорид"
444811,"метформін"
444809,"пірацетам"
444808,"пірацетам"
444804,"пірацетам"
444797,"пірацетам"
444796,"пірацетам"
444769,"секукінумаб"
444725,"метформін"
444692,"авокадо та соєва олія, неомилювані"
444691,"авокадо та соєва олія, неомилювані"
444672,"орнідазол"
444646,"*ептаког альфа (активований)"
444609,"октреотид"
444604,"октреотид"
444599,"октреотид"
444594,"октреотид"
444569,"*ептаког альфа (активований)"
444562,"біматопрост"
444561,"тимолол"
444527,"цефтріаксон"
444520,"гідроксизин"
444490,"естріол"
444475,"*l-яблучна кислота"
444474,"*Натрію ацетату тригідрат"
444473,"кальцію хлорид"
444472,"магнію хлорид"
444471,"калію хлорид"
444470,"натрію хлорид"
444456,"естріол"
444439,"тікагрелор"
444414,"омалізумаб"
444402,"тікагрелор"
444385,"апрепітант"
444377,"апрепітант"
444354,"мірабегрон"
444336,"кислота золедронова"
444327,"вільдагліптин"
443991,"метотрексат"
443979,"парацетамол"
443961,"парацетамол"
443906,"аторвастатин"
443854,"аторвастатин"
443776,"аторвастатин"
443695,"аторвастатин"
443669,"кислота тіоктова"
443648,"раміприл"
443640,"раміприл"
443607,"раміприл"
443574,"вакцина проти дифтерії, кашлюку, поліомієліту, правця"
443573,"вакцина проти дифтерії, кашлюку, поліомієліту, правця"
443572,"вакцина проти дифтерії, поліомієліту, правця"
443571,"*кашлюковий пертактин"
443570,"*кашлюковий волокнистий гемаглютинін, адсорбований на алюмінію гідроксиді"
443569,"*Кашлюковий анатоксин адсорбований"
443568,"правцевий анатоксин"
443567,"дифтерійний анатоксин"
443435,"ібупрофен"
443322,"етинілестрадіол"
443320,"дроспіренон"
443161,"ібупрофен"
443125,"зидовудин"
443118,"*лактози моногідрат"
443116,"прегабалін"
443108,"*лактози моногідрат"
443097,"*лактози моногідрат"
443094,"*колоїдний кремнію діоксид"
443092,"гіпромелоза"
443090,"*лактози моногідрат"
443089,"левоноргестрел"
443067,"*колоїдний кремнію діоксид"
443065,"гіпромелоза"
443063,"*лактози моногідрат"
443062,"левоноргестрел"
442895,"кисень"
442888,"кисень"
442887,"кисень"
442884,"кисень"
442883,"кисень"
442875,"кисень"
442788,"тенофовір дизопроксил"
442787,"емтрицитабін"
442780,"тенофовір дизопроксил"
442779,"емтрицитабін"
442771,"парацетамол"
442766,"*лейцин"
442764,"*гідрокарбонат натрію"
442762,"*мальтодекстрин"
442761,"ацетилцистеїн"
442745,"*натрію гідроксид"
442744,"даптоміцин"
442738,"даптоміцин"
442705,"дутастерид"
442702,"*колоїдний кремнію діоксид"
442701,"кросповідон"
442699,"дарунавір"
442693,"*колоїдний кремнію діоксид"
442692,"кросповідон"
442690,"дарунавір"
442675,"*l-яблучна кислота"
442673,"*Натрію ацетату тригідрат"
442672,"*Натрію ацетату тригідрат"
442671,"*l-яблучна кислота"
442667,"калію хлорид"
442666,"*Натрію ацетату тригідрат"
442665,"натрію хлорид"
442662,"*l-яблучна кислота"
442661,"*Натрію ацетату тригідрат"
442655,"калію хлорид"
442654,"калію хлорид"
442653,"калію хлорид"
442652,"натрію хлорид"
442651,"натрію хлорид"
442650,"натрію хлорид"
442647,"*l-яблучна кислота"
442624,"*повідон"
442620,"альбендазол"
442615,"*повідон"
442611,"альбендазол"
442601,"хлоргексидин"
442599,"хлоргексидин"
442559,"іматиніб"
442506,"іматиніб"
442475,"гатифлоксацин"
442452,"мельдоній"
442444,"гатифлоксацин"
442432,"аморолфін"
442431,"аморолфін"
442282,"босутиніб"
442250,"босутиніб"
442233,"тамсулозин"
442172,"дроспіренон"
442171,"естрадіол"
442139,"*залізо"
442120,"тенофовіру алафенамід"
442113,"ксилометазолін"
442100,"ксилометазолін"
442095,"ксилометазолін"
442083,"тенофовіру алафенамід"
442082,"емтрицитабін"
442048,"мельдоній"
442037,"леводропропізин"
442013,"папаверин"
441996,"калію хлорид"
441995,"*глюкози моногідрат"
441992,"*гідрокарбонат натрію"
441991,"натрію хлорид"
441973,"*етилметилгідроксипіридину сукцинат"
441970,"*етилметилгідроксипіридину сукцинат"
441950,"мелоксикам"
441941,"алергени тваринного походження"
441936,"алергени тваринного походження"
441913,"кисень"
441905,"адеметіонін"
441831,"декскетопрофен"
441808,"*алерген із пилку амброзії полинолистої (allergenum e pollen ambrosia artemisiifolia)"
441799,"фактор згортання X"
441798,"*людський коагуляційний фактор ii"
441797,"фактор згортання IX"
441794,"*повідон"
441790,"натрію цитрат"
441788,"мелоксикам"
441784,"натрію цитрат"
441783,"*колоїдний кремнію діоксид"
441782,"мелоксикам"
441781,"*колоїдний кремнію діоксид"
441780,"*повідон"
441771,"*лютеїнізуючий гормон"
441770,"*фолікулостимулюючий гормон"
441765,"галактоза"
441761,"тенофовір дизопроксил"
441758,"*маніт"
441757,"ламівудин"
441756,"долутегравір"
441751,"галактоза"
441750,"*повідон"
441746,"*маніт"
441745,"тенофовір дизопроксил"
441744,"ламівудин"
441743,"долутегравір"
441735,"галактоза"
441734,"*повідон"
441731,"*маніт"
441730,"тенофовір дизопроксил"
441729,"ламівудин"
441728,"долутегравір"
441727,"*Вода для ін'єкцій"
441726,"*Натрію гідроксид"
441725,"натрію хлорид"
441724,"кальцію фолінат"
441723,"*Вода для ін'єкцій"
441722,"*Натрію гідроксид"
441721,"натрію хлорид"
441720,"кальцію фолінат"
441709,"*ептаког альфа (активований)"
441705,"*колоїдний кремнію діоксид"
441700,"ексеместан"
441685,"метилпреднізолон"
441664,"бромелаїни"
441655,"омепразол"
441651,"*enterococcus faecalis"
441650,"*klebsiella pneumoniae"
441647,"кишкова паличка"
441646,"алюмінію фосфат"
441645,"*Вода для ін'єкцій"
441644,"алюмінію фосфат"
441643,"*Вода для ін'єкцій"
441642,"*enterococcus faecalis"
441641,"*klebsiella pneumoniae"
441638,"кишкова паличка"
441600,"*півонії настойка"
441599,"корень валеріани"
441598,"*собачої кропиви трава"
441596,"*глоду плоди"
441579,"кисень"
441578,"кисень"
441577,"кисень"
441576,"кисень"
441575,"кисень"
441574,"кисень"
441573,"кисень"
441545,"хлорфенамін"
441544,"фенілефрин"
441543,"парацетамол"
441527,"атезолізумаб"
441511,"омепразол"
441507,"даунорубіцин"
441506,"даунорубіцин"
441484,"*повідон"
441480,"натрію цитрат"
441479,"мелоксикам"
441475,"натрію цитрат"
441474,"*колоїдний кремнію діоксид"
441473,"мелоксикам"
441471,"*колоїдний кремнію діоксид"
441470,"*повідон"
441465,"етинілестрадіол"
441464,"етоногестрел"
441461,"кисень"
441460,"кисень"
441459,"кисень"
441458,"кисень"
441457,"кисень"
441456,"кисень"
441455,"кисень"
441454,"кисень"
441453,"кисень"
441452,"кисень"
441368,"тетравалентний очищений полісахаридний антиген менінгокока серогруп A, C, Y, W-135, кон'югований"
441363,"*колоїдний кремнію діоксид"
441362,"кросповідон"
441360,"вальcартан"
441357,"*колоїдний кремнію діоксид"
441356,"кросповідон"
441354,"вальcартан"
441342,"*колоїдний кремнію діоксид"
441341,"кросповідон"
441340,"вальcартан"
441327,"*білок плазми людини"
441325,"*інгібітори до фактора коагуляції крові людини viii"
441273,"*білок плазми людини"
441271,"*інгібітори до фактора коагуляції крові людини viii"
441250,"колекальциферол"
441249,"кальцію карбонат"
441230,"кислота лимонна"
441229,"магнію оксид"
441228,"натрію пікосульфат"
441215,"праміпексол"
441212,"натрію хлорид"
441211,"фамотидин"
441210,"натрію хлорид"
441194,"праміпексол"
441188,"натрію хлорид"
441187,"глюкозамін"
441182,"натрію хлорид"
441181,"глюкозамін"
441164,"натрію аміносаліцилат"
441158,"праміпексол"
441144,"*натрію гідрокарбонат"
441143,"омепразол"
441124,"*натрію гідрокарбонат"
441123,"омепразол"
441071,"диметилфумарат"
440982,"абакавір"
440894,"імуноглобуліни здорової людини для внутрішньосудинного введення"
440891,"імуноглобуліни здорової людини для внутрішньосудинного введення"
440888,"імуноглобуліни здорової людини для внутрішньосудинного введення"
440885,"імуноглобуліни здорової людини для внутрішньосудинного введення"
440882,"імуноглобуліни здорової людини для внутрішньосудинного введення"
440879,"імуноглобуліни здорової людини для внутрішньосудинного введення"
440775,"пилок рослин"
440774,"пилок рослин"
440772,"пилок рослин"
440771,"пилок рослин"
440770,"пилок рослин"
440768,"пилок рослин"
440766,"пилок рослин"
440765,"пилок рослин"
440764,"пилок рослин"
440763,"пилок рослин"
440762,"кліщі домашнього пилу"
440519,"вакцина проти дифтерії, гемофільної інфекції типу B, кашлюку, поліомієліту, правця"
440518,"вакцина проти дифтерії, гемофільної інфекції типу B, кашлюку, поліомієліту, правця"
440517,"вакцина проти дифтерії, гемофільної інфекції типу B, кашлюку, поліомієліту, правця"
440516,"вакцина проти дифтерії, гемофільної інфекції типу B, кашлюку, поліомієліту, правця"
440515,"вакцина проти дифтерії, гемофільної інфекції типу B, кашлюку, поліомієліту, правця"
440514,"вакцина проти дифтерії, гемофільної інфекції типу B, кашлюку, поліомієліту, правця"
440513,"вакцина проти дифтерії, гемофільної інфекції типу B, кашлюку, поліомієліту, правця"
440500,"вакцина проти дифтерії, гемофільної інфекції типу B, кашлюку, поліомієліту, правця"
440499,"вакцина проти дифтерії, гемофільної інфекції типу B, кашлюку, поліомієліту, правця"
440477,"вакцина проти дифтерії, гемофільної інфекції типу B, кашлюку, поліомієліту, правця"
440476,"вакцина проти дифтерії, гемофільної інфекції типу B, кашлюку, поліомієліту, правця"
440475,"вакцина проти дифтерії, гемофільної інфекції типу B, кашлюку, поліомієліту, правця"
440474,"вакцина проти дифтерії, гемофільної інфекції типу B, кашлюку, поліомієліту, правця"
440473,"вакцина проти дифтерії, гемофільної інфекції типу B, кашлюку, поліомієліту, правця"
440472,"вакцина проти дифтерії, гемофільної інфекції типу B, кашлюку, поліомієліту, правця"
440471,"вакцина проти дифтерії, гемофільної інфекції типу B, кашлюку, поліомієліту, правця"
440458,"вакцина проти дифтерії, гемофільної інфекції типу B, кашлюку, поліомієліту, правця"
440457,"вакцина проти дифтерії, гемофільної інфекції типу B, кашлюку, поліомієліту, правця"
440435,"вакцина проти дифтерії, гемофільної інфекції типу B, кашлюку, поліомієліту, правця"
440434,"вакцина проти дифтерії, гемофільної інфекції типу B, кашлюку, поліомієліту, правця"
440433,"вакцина проти дифтерії, гемофільної інфекції типу B, кашлюку, поліомієліту, правця"
440432,"вакцина проти дифтерії, гемофільної інфекції типу B, кашлюку, поліомієліту, правця"
440431,"вакцина проти дифтерії, гемофільної інфекції типу B, кашлюку, поліомієліту, правця"
440430,"вакцина проти дифтерії, гемофільної інфекції типу B, кашлюку, поліомієліту, правця"
440429,"вакцина проти дифтерії, гемофільної інфекції типу B, кашлюку, поліомієліту, правця"
440416,"вакцина проти дифтерії, гемофільної інфекції типу B, кашлюку, поліомієліту, правця"
440415,"вакцина проти дифтерії, гемофільної інфекції типу B, кашлюку, поліомієліту, правця"
440393,"вакцина проти дифтерії, гемофільної інфекції типу B, кашлюку, поліомієліту, правця"
440392,"вакцина проти дифтерії, гемофільної інфекції типу B, кашлюку, поліомієліту, правця"
440391,"вакцина проти дифтерії, гемофільної інфекції типу B, кашлюку, поліомієліту, правця"
440390,"вакцина проти дифтерії, гемофільної інфекції типу B, кашлюку, поліомієліту, правця"
440389,"вакцина проти дифтерії, гемофільної інфекції типу B, кашлюку, поліомієліту, правця"
440388,"вакцина проти дифтерії, гемофільної інфекції типу B, кашлюку, поліомієліту, правця"
440387,"вакцина проти дифтерії, гемофільної інфекції типу B, кашлюку, поліомієліту, правця"
440374,"вакцина проти дифтерії, гемофільної інфекції типу B, кашлюку, поліомієліту, правця"
440373,"вакцина проти дифтерії, гемофільної інфекції типу B, кашлюку, поліомієліту, правця"
440298,"диметилфумарат"
440264,"амбазон"
440210,"*кверцетин"
440209,"*лецитин"
440207,"*кверцетин"
440206,"*лецитин"
440193,"*клавуланова кислота"
440192,"амоксицилін"
440181,"*клавуланова кислота"
440180,"амоксицилін"
440169,"*клавуланова кислота"
440168,"амоксицилін"
440157,"*клавуланова кислота"
440156,"амоксицилін"
440145,"*клавуланова кислота"
440144,"амоксицилін"
440123,"кальцію хлорид"
440122,"*Магнію ацетату тетрагідрат"
440121,"калію ацетат"
440120,"натрію ацетат"
440119,"натрію хлорид"
440118,"*Натрію гідроксид"
440117,"*Серин"
440116,"*Пролін"
440115,"гліцин"
440114,"*кислота глутамінова"
440113,"*кислота аспарагінова"
440112,"*Аланін"
440111,"*Гістидину гідрохлориду моногідрат"
440110,"*Аргінін"
440109,"*Валін"
440108,"триптофан"
440107,"*Треонін"
440106,"*Фенілаланін"
440105,"метіонін"
440104,"лізин"
440103,"*Лейцин"
440102,"*Ізолейцин"
440101,"*ТРИГЛІЦЕРИДИ СЕРЕДНЬОГО ЛАНЦЮГА"
440100,"*олія соєвих бобів, рафінована"
440099,"цинку ацетат"
440098,"*натрію дигідрофосфату дигідрат"
440097,"глюкоза"
440091,"кальцію хлорид"
440090,"*Магнію ацетату тетрагідрат"
440089,"калію ацетат"
440088,"натрію ацетат"
440087,"натрію хлорид"
440086,"*Натрію гідроксид"
440085,"*Серин"
440084,"*Пролін"
440083,"гліцин"
440082,"*кислота глутамінова"
440081,"*кислота аспарагінова"
440080,"*Аланін"
440079,"*Гістидину гідрохлориду моногідрат"
440078,"*Аргінін"
440077,"*Валін"
440076,"триптофан"
440075,"*Треонін"
440074,"*Фенілаланін"
440073,"метіонін"
440072,"лізин"
440071,"*Лейцин"
440070,"*Ізолейцин"
440069,"*ТРИГЛІЦЕРИДИ СЕРЕДНЬОГО ЛАНЦЮГА"
440068,"*олія соєвих бобів, рафінована"
440067,"цинку ацетат"
440066,"*натрію дигідрофосфату дигідрат"
440065,"глюкоза"
440061,"*натрію оксодигідроакридинілацетат"
440059,"формотерол"
440058,"будесонід"
440055,"сальбутамол"
440052,"сальбутамол"
440049,"сальбутамол"
440046,"сальбутамол"
440043,"*veronica officinalis d3"
440042,"*teucrium scorodonia d3"
440041,"*smilax"
440040,"*scrophularia nodosa"
440039,"*pinus sylvestris d4"
440038,"*natrium sulfuricum"
440037,"*nasturtium officinale"
440036,"*myosotis arvensis d3"
440035,"*levothyroxinum d12"
440034,"*geranium robertianum d4"
440033,"*gentiana lutea d5"
440032,"*fumaria officinalis d4"
440031,"*ferrum iodatum d12"
440030,"*equisetum hiemale d4"
440029,"*calcium phosphoricum"
440028,"*araneus diadematus d6"
440025,"*veronica officinalis d3"
440024,"*teucrium scorodonia d3"
440023,"*smilax"
440022,"*scrophularia nodosa"
440021,"*pinus sylvestris d4"
440020,"*natrium sulfuricum"
440019,"*nasturtium officinale"
440018,"*myosotis arvensis d3"
440017,"*levothyroxinum d12"
440016,"*geranium robertianum d4"
440015,"*gentiana lutea d5"
440014,"*fumaria officinalis d4"
440013,"*ferrum iodatum d12"
440012,"*equisetum hiemale d4"
440011,"*calcium phosphoricum"
440010,"*araneus diadematus d6"
440007,"*veronica officinalis d3"
440006,"*teucrium scorodonia d3"
440005,"*smilax"
440004,"*scrophularia nodosa"
440003,"*pinus sylvestris d4"
440002,"*natrium sulfuricum"
440001,"*nasturtium officinale"
440000,"*myosotis arvensis d3"
439999,"*levothyroxinum d12"
439998,"*geranium robertianum d4"
439997,"*gentiana lutea d5"
439996,"*fumaria officinalis d4"
439995,"*ferrum iodatum d12"
439994,"*equisetum hiemale d4"
439993,"*calcium phosphoricum"
439992,"*araneus diadematus d6"
439988,"цитиколін"
439986,"кислота транексамова"
439984,"кислота транексамова"
439983,"цефазолін"
439978,"лідокаїн"
439977,"толперизон"
439972,"лідокаїн"
439971,"толперизон"
439968,"*біоактивний концентрат з дрібної морської риби"
439965,"*біоактивний концентрат з дрібної морської риби"
439962,"інозин"
439959,"інозин"
439956,"інозин"
439953,"інозин"
439939,"інсулін (людський)"
439930,"інсулін (людський)"
439923,"диклофенак"
439919,"цитиколін"
439916,"тіоколхікозид"
439911,"кислота аскорбінова"
439906,"кислота аскорбінова"
439901,"кислота аскорбінова"
439894,"ціанокобаламін"
439893,"піридоксин (вітамін В6)"
439892,"тіамін (вітамін В1)"
439871,"фентаніл"
439868,"фентаніл"
439865,"фентаніл"
439862,"фентаніл"
439858,"тропікамід"
439854,"тропікамід"
439850,"тропікамід"
439846,"тропікамід"
439839,"ціанокобаламін"
439838,"піридоксин (вітамін В6)"
439837,"тіамін (вітамін В1)"
439830,"ціанокобаламін"
439829,"піридоксин (вітамін В6)"
439828,"тіамін (вітамін В1)"
439821,"ціанокобаламін"
439820,"піридоксин (вітамін В6)"
439819,"тіамін (вітамін В1)"
439812,"ціанокобаламін"
439811,"піридоксин (вітамін В6)"
439810,"тіамін (вітамін В1)"
439807,"кислота йотроксова"
439803,"налоксон"
439799,"налоксон"
439795,"налоксон"
439794,"цефтріаксон"
439793,"цефтріаксон"
439792,"цефтріаксон"
439791,"цефтріаксон"
439790,"цефтріаксон"
439789,"цефтріаксон"
439780,"рокуронію бромід"
439771,"травопрост"
439765,"пегвісомант"
439760,"дроперидол"
439754,"левоноргестрел"
439750,"троксерутин"
439749,"карбазохром"
439744,"*алоферон"
439743,"*алоферон"
439732,"дротаверин"
439729,"бупівакаїн"
439726,"тіамін (вітамін В1)"
439723,"тіамін (вітамін В1)"
439705,"будесонід"
439703,"ацикловір"
439701,"мельдоній"
439699,"мельдоній"
439690,"*калій"
439689,"*магній"
439686,"*калій"
439685,"*магній"
439680,"ритуксимаб"
439675,"ритуксимаб"
439671,"лідокаїн"
439670,"толперизон"
439644,"інсулін (людський)"
439634,"інсулін (людський)"
439629,"периндоприл"
439618,"декскетопрофен"
439613,"декскетопрофен"
439610,"*vesica fellea suis d10"
439609,"*veratrum album"
439608,"*thymus suis d10"
439607,"*taraxacum officinale"
439606,"*sulfur"
439605,"*silybum marianum"
439604,"*pancreas suis d10"
439603,"*natrium diethyloxalaceticum"
439602,"*lycopodium clavatum"
439601,"*histaminum d10"
439600,"*hepar"
439599,"*duodenum suis d10"
439598,"*cynara scolymus"
439597,"*cyanocobalaminum d4"
439596,"*colon"
439595,"*cinchona pubescens"
439594,"*chelidonium majus"
439593,"*calcium carbonicum hahnemanni d28"
439592,"*avena sativa"
439591,"*acidum thiocticum"
439590,"*acidum oroticum monohydricum d6"
439589,"*acidum malicum"
439588,"*acidum fumaricum"
439587,"*acidum alpha-ketoglutaricum"
439584,"*vesica fellea suis d10"
439583,"*veratrum album"
439582,"*thymus suis d10"
439581,"*taraxacum officinale"
439580,"*sulfur"
439579,"*silybum marianum"
439578,"*pancreas suis d10"
439577,"*natrium diethyloxalaceticum"
439576,"*lycopodium clavatum"
439575,"*histaminum d10"
439574,"*hepar"
439573,"*duodenum suis d10"
439572,"*cynara scolymus"
439571,"*cyanocobalaminum d4"
439570,"*colon"
439569,"*cinchona pubescens"
439568,"*chelidonium majus"
439567,"*calcium carbonicum hahnemanni d28"
439566,"*avena sativa"
439565,"*acidum thiocticum"
439564,"*acidum oroticum monohydricum d6"
439563,"*acidum malicum"
439562,"*acidum fumaricum"
439561,"*acidum alpha-ketoglutaricum"
439558,"*vesica fellea suis d10"
439557,"*veratrum album"
439556,"*thymus suis d10"
439555,"*taraxacum officinale"
439554,"*sulfur"
439553,"*silybum marianum"
439552,"*pancreas suis d10"
439551,"*natrium diethyloxalaceticum"
439550,"*lycopodium clavatum"
439549,"*histaminum d10"
439548,"*hepar"
439547,"*duodenum suis d10"
439546,"*cynara scolymus"
439545,"*cyanocobalaminum d4"
439544,"*colon"
439543,"*cinchona pubescens"
439542,"*chelidonium majus"
439541,"*calcium carbonicum hahnemanni d28"
439540,"*avena sativa"
439539,"*acidum thiocticum"
439538,"*acidum oroticum monohydricum d6"
439537,"*acidum malicum"
439536,"*acidum fumaricum"
439535,"*acidum alpha-ketoglutaricum"
439519,"пегвісомант"
439518,"цефотаксим"
439517,"цефотаксим"
439516,"цефотаксим"
439515,"цефотаксим"
439512,"гідроксипрогестерон"
439509,"гідроксипрогестерон"
439506,"гідроксипрогестерон"
439503,"гідроксипрогестерон"
439501,"гозерелін"
439483,"тіазотна кислота"
439481,"тіазотна кислота"
439463,"кофеїн"
439462,"ібупрофен"
439461,"парацетамол"
439455,"кофеїн"
439454,"ібупрофен"
439453,"парацетамол"
439447,"кофеїн"
439446,"ібупрофен"
439445,"парацетамол"
439439,"кофеїн"
439438,"ібупрофен"
439437,"парацетамол"
439432,"кодеїн"
439431,"папаверин"
439430,"морфін"
439429,"носкапін"
439424,"кодеїн"
439423,"папаверин"
439422,"морфін"
439421,"носкапін"
439416,"кодеїн"
439415,"папаверин"
439414,"морфін"
439413,"носкапін"
439406,"флутиказон"
439403,"трамадол"
439400,"трамадол"
439397,"трамадол"
439394,"трамадол"
439389,"філграстим"
439384,"філграстим"
439375,"фолітропін дельта"
439364,"ланреотид"
439363,"локсапін"
439354,"інсулін (людський)"
439345,"інсулін (людський)"
439341,"вакцина проти сказу, інактивована, що містить цілий вірус"
439337,"вакцина проти сказу, інактивована, що містить цілий вірус"
439333,"тіоколхікозид"
439307,"будесонід"
439305,"будесонід"
439303,"*пітофенону гідрохлорид"
439302,"фенпівериній"
439301,"метамізол натрію"
439299,"*пітофенону гідрохлорид"
439298,"фенпівериній"
439297,"метамізол натрію"
439295,"*пітофенону гідрохлорид"
439294,"фенпівериній"
439293,"метамізол натрію"
439291,"*пітофенону гідрохлорид"
439290,"фенпівериній"
439289,"метамізол натрію"
439287,"*пітофенону гідрохлорид"
439286,"фенпівериній"
439285,"метамізол натрію"
439283,"*пітофенону гідрохлорид"
439282,"фенпівериній"
439281,"метамізол натрію"
439279,"*пітофенону гідрохлорид"
439278,"фенпівериній"
439277,"метамізол натрію"
439275,"*пітофенону гідрохлорид"
439274,"фенпівериній"
439273,"метамізол натрію"
439271,"*пітофенону гідрохлорид"
439270,"фенпівериній"
439269,"метамізол натрію"
439267,"*пітофенону гідрохлорид"
439266,"фенпівериній"
439265,"метамізол натрію"
439251,"*епоетин бета"
439237,"*епоетин бета"
439232,"тіоколхікозид"
439227,"тіоколхікозид"
439225,"холіну альфосцерат"
439223,"холіну альфосцерат"
439220,"фентаніл"
439217,"фентаніл"
439207,"пірацетам"
439204,"пірацетам"
439192,"такролімус"
439188,"бупівакаїн"
439166,"кислота тіоктова"
439163,"глюкозамін"
439160,"глюкозамін"
439156,"етамзилат"
439148,"фолітропін альфа"
439140,"фолітропін альфа"
439132,"фолітропін альфа"
439124,"*серратіопептидаза"
439116,"*серратіопептидаза"
439108,"*серратіопептидаза"
439100,"*серратіопептидаза"
439092,"*серратіопептидаза"
439084,"*серратіопептидаза"
439076,"мелоксикам"
439068,"мелоксикам"
439060,"мелоксикам"
439054,"натрію хлорид"
439053,"глюкозамін"
439049,"*натрію тіосульфат"
439044,"декскетопрофен"
439038,"пропофол"
439032,"пропофол"
439025,"диклофенак"
439018,"диклофенак"
439011,"диклофенак"
438982,"декскетопрофен"
438977,"декскетопрофен"
438969,"мелоксикам"
438961,"мелоксикам"
438956,"рокуронію бромід"
438953,"*енкад"
438950,"*енкад"
438947,"натрію хлорид"
438946,"піпекуронію бромід"
438943,"пентоксифілін"
438910,"суфентаніл"
438907,"кислота йотроксова"
438904,"вілантерол та флутиказону фуроат"
438903,"умеклідину бромід"
438897,"хлорпромазин"
438891,"хлорпромазин"
438885,"хлорпромазин"
438854,"глатирамеру ацетат"
438851,"глатирамеру ацетат"
438847,"*кашлюковий пертактин, адсорбований на алюмінію гідроксиді"
438846,"*кашлюковий пертактин"
438845,"*кашлюковий анатоксин адсорбований"
438844,"правцевий анатоксин"
438843,"дифтерійний анатоксин"
438839,"*кашлюковий пертактин, адсорбований на алюмінію гідроксиді"
438838,"*кашлюковий пертактин"
438837,"*кашлюковий анатоксин адсорбований"
438836,"правцевий анатоксин"
438835,"дифтерійний анатоксин"
438831,"кальцію глюконат"
438827,"кальцію глюконат"
438823,"кальцію глюконат"
438817,"пегвісомант"
438810,"будесонід"
438808,"мельдоній"
438804,"гемцитабін"
438799,"філграстим"
438794,"філграстим"
438784,"фолітропін альфа"
438781,"цитиколін"
438778,"цитиколін"
438773,"кислота ібандронова"
438770,"тіамін (вітамін В1)"
438767,"тіамін (вітамін В1)"
438764,"тіамін (вітамін В1)"
438761,"бупівакаїн"
438756,"полідоканол"
438752,"тобраміцин"
438748,"тобраміцин"
438745,"*vaccinium myrtillus d4"
438744,"*ubidecarenonum d10"
438743,"*trichinoylum d10"
438742,"*thiaminum hydrochloricum"
438741,"*sulfur"
438740,"*pyridoxinum hydrochloricum d6"
438739,"*podophyllum peltatum"
438738,"*p-benzochinonum d10"
438737,"*nicotinamidum d6"
438736,"*natrium riboflavinum phosphoricum d6"
438735,"*natrium diethyloxalaceticum"
438734,"*naphthochinonum d10"
438733,"*nadidum"
438732,"*manganum phosphoricum"
438731,"*magnesium gluconicum d10"
438730,"*hydrochinonum d8"
438729,"*hydrastis canadensis d4"
438728,"*histaminum d10"
438727,"*galium aparine"
438726,"*conium maculatum"
438725,"*colchicum autumnale"
438724,"*coenzym a"
438723,"*anthrachinonum d10"
438722,"*adenosium triphosphoricum"
438721,"*sarcolacticum acidum"
438720,"*acidum ascorbicum"
438719,"*acidum alpha-liponicum d8"
438718,"*acidum acetylsalicylicum d10"
438715,"*vaccinium myrtillus d4"
438714,"*ubidecarenonum d10"
438713,"*trichinoylum d10"
438712,"*thiaminum hydrochloricum"
438711,"*sulfur"
438710,"*pyridoxinum hydrochloricum d6"
438709,"*podophyllum peltatum"
438708,"*p-benzochinonum d10"
438707,"*nicotinamidum d6"
438706,"*natrium riboflavinum phosphoricum d6"
438705,"*natrium diethyloxalaceticum"
438704,"*naphthochinonum d10"
438703,"*nadidum"
438702,"*manganum phosphoricum"
438701,"*magnesium gluconicum d10"
438700,"*hydrochinonum d8"
438699,"*hydrastis canadensis d4"
438698,"*histaminum d10"
438697,"*galium aparine"
438696,"*conium maculatum"
438695,"*colchicum autumnale"
438694,"*coenzym a"
438693,"*anthrachinonum d10"
438692,"*adenosium triphosphoricum"
438691,"*sarcolacticum acidum"
438690,"*acidum ascorbicum"
438689,"*acidum alpha-liponicum d8"
438688,"*acidum acetylsalicylicum d10"
438685,"*vaccinium myrtillus d4"
438684,"*ubidecarenonum d10"
438683,"*trichinoylum d10"
438682,"*thiaminum hydrochloricum"
438681,"*sulfur"
438680,"*pyridoxinum hydrochloricum d6"
438679,"*podophyllum peltatum"
438678,"*p-benzochinonum d10"
438677,"*nicotinamidum d6"
438676,"*natrium riboflavinum phosphoricum d6"
438675,"*natrium diethyloxalaceticum"
438674,"*naphthochinonum d10"
438673,"*nadidum"
438672,"*manganum phosphoricum"
438671,"*magnesium gluconicum d10"
438670,"*hydrochinonum d8"
438669,"*hydrastis canadensis d4"
438668,"*histaminum d10"
438667,"*galium aparine"
438666,"*conium maculatum"
438665,"*colchicum autumnale"
438664,"*coenzym a"
438663,"*anthrachinonum d10"
438662,"*adenosium triphosphoricum"
438661,"*sarcolacticum acidum"
438660,"*acidum ascorbicum"
438659,"*acidum alpha-liponicum d8"
438658,"*acidum acetylsalicylicum d10"
438656,"пірацетам"
438655,"тіазотна кислота"
438653,"пірацетам"
438652,"тіазотна кислота"
438650,"пірацетам"
438649,"тіазотна кислота"
438643,"діазепам"
438637,"діазепам"
438633,"тіоколхікозид"
438631,"цефтазидим"
438629,"цефтазидим"
438627,"цефтазидим"
438625,"цефтазидим"
438623,"цефтазидим"
438621,"мельдоній"
438600,"фондапарінукс"
438595,"фондапарінукс"
438584,"*хлорфенірамін"
438583,"фенілефрин"
438582,"кофеїн"
438581,"парацетамол"
438570,"*хлорфенірамін"
438569,"фенілефрин"
438568,"кофеїн"
438567,"парацетамол"
438556,"*хлорфенірамін"
438555,"фенілефрин"
438554,"кофеїн"
438553,"парацетамол"
438548,"лейпрорелін"
438546,"лейпрорелін"
438544,"лейпрорелін"
438538,"тріамцинолон"
438533,"імуноглобулін проти анти-D (rh)"
438528,"етамзилат"
438523,"етамзилат"
438518,"етамзилат"
438515,"кислота тіоктова"
438512,"кислота тіоктова"
438509,"лідокаїн"
438506,"лідокаїн"
438504,"меропенем"
438502,"меропенем"
438500,"меропенем"
438488,"левоцетиризин"
438476,"левоцетиризин"
438464,"левоцетиризин"
438452,"левоцетиризин"
438444,"мелоксикам"
438436,"мелоксикам"
438428,"мелоксикам"
438425,"дексмедетомідин"
438422,"дексмедетомідин"
438419,"дексмедетомідин"
438416,"дексмедетомідин"
438413,"дексмедетомідин"
438410,"дексмедетомідин"
438407,"дексмедетомідин"
438397,"ізосорбіду динітрат"
438394,"ізосорбіду динітрат"
438392,"мельдоній"
438390,"мельдоній"
438386,"пірацетам"
438382,"пірацетам"
438378,"пірацетам"
438369,"травопрост"
438360,"травопрост"
438356,"кислота тіоктова"
438352,"кислота тіоктова"
438348,"кислота тіоктова"
438344,"кислота тіоктова"
438338,"кеторолак"
438325,"*хлорфеніраміну малеат"
438324,"фенілефрин"
438323,"кофеїн"
438322,"парацетамол"
438312,"*хлорфеніраміну малеат"
438311,"фенілефрин"
438310,"кофеїн"
438309,"парацетамол"
438299,"*хлорфеніраміну малеат"
438298,"фенілефрин"
438297,"кофеїн"
438296,"парацетамол"
438286,"*хлорфеніраміну малеат"
438285,"фенілефрин"
438284,"кофеїн"
438283,"парацетамол"
438273,"*хлорфеніраміну малеат"
438272,"фенілефрин"
438271,"кофеїн"
438270,"парацетамол"
438260,"*хлорфеніраміну малеат"
438259,"фенілефрин"
438258,"кофеїн"
438257,"парацетамол"
438255,"хлоропірамін"
438253,"хлоропірамін"
438249,"папаверин"
438245,"папаверин"
438241,"папаверин"
438237,"адалімумаб"
438225,"вакцина проти кліщового енцефаліту, інактивована, що містить цілий вірус"
438219,"вінпоцетин"
438213,"вінпоцетин"
438211,"кислота тіоктова"
438209,"кислота тіоктова"
438208,"цефазолін"
438198,"інсулін аспарт"
438188,"інсулін аспарт"
438185,"*церулоплазмін"
438182,"*церулоплазмін"
438180,"*калій"
438179,"*магній"
438178,"*діаргінін сукцинат"
438177,"*аргінін"
438175,"*калій"
438174,"*магній"
438173,"*діаргінін сукцинат"
438172,"*аргінін"
438170,"*калій"
438169,"*магній"
438168,"*діаргінін сукцинат"
438167,"*аргінін"
438165,"*калій"
438164,"*магній"
438163,"*діаргінін сукцинат"
438162,"*аргінін"
438157,"бупівакаїн"
438156,"епінефрин"
438151,"бупівакаїн"
438150,"епінефрин"
438144,"лідокаїн"
438143,"ціанокобаламін"
438142,"тіамін (вітамін В1)"
438141,"піридоксин (вітамін В6)"
438135,"лідокаїн"
438134,"ціанокобаламін"
438133,"тіамін (вітамін В1)"
438132,"піридоксин (вітамін В6)"
438126,"лідокаїн"
438125,"ціанокобаламін"
438124,"тіамін (вітамін В1)"
438123,"піридоксин (вітамін В6)"
438118,"дексаметазон"
438113,"дексаметазон"
438109,"кальцію глюконат"
438105,"кальцію глюконат"
438101,"кальцію глюконат"
438099,"цефтріаксон"
438097,"цефтріаксон"
438095,"ксантинолу нікотинат"
438093,"ксантинолу нікотинат"
438091,"цефепім"
438089,"цефепім"
438085,"теофілін"
438081,"артикаїн"
438080,"епінефрин"
438067,"сипонімод"
438061,"фітоменадіон"
438055,"фітоменадіон"
438025,"піридоксин (вітамін В6)"
438024,"*магнію підолят"
438023,"магнію лактат"
438006,"вакцина проти дифтерії, кашлюку, поліомієліту, правця"
438005,"вакцина проти дифтерії, кашлюку, поліомієліту, правця"
438004,"вакцина проти дифтерії, кашлюку, поліомієліту, правця"
438003,"*кашлюковий пертактин"
438002,"*кашлюковий волокнистий гемаглютинін, адсорбований на алюмінію гідроксиді"
438001,"*кашлюковий анатоксин адсорбований"
438000,"правцевий анатоксин"
437999,"дифтерійний анатоксин"
437993,"вакцина проти грипу, інактивована, що містить розщеплений вірус або поверхневий антиген вірусу"
437992,"вакцина проти грипу, інактивована, що містить розщеплений вірус або поверхневий антиген вірусу"
437991,"вакцина проти грипу, інактивована, що містить розщеплений вірус або поверхневий антиген вірусу"
437985,"вакцина проти грипу, інактивована, що містить розщеплений вірус або поверхневий антиген вірусу"
437984,"вакцина проти грипу, інактивована, що містить розщеплений вірус або поверхневий антиген вірусу"
437983,"вакцина проти грипу, інактивована, що містить розщеплений вірус або поверхневий антиген вірусу"
437977,"вакцина проти грипу, інактивована, що містить розщеплений вірус або поверхневий антиген вірусу"
437976,"вакцина проти грипу, інактивована, що містить розщеплений вірус або поверхневий антиген вірусу"
437975,"вакцина проти грипу, інактивована, що містить розщеплений вірус або поверхневий антиген вірусу"
437969,"вакцина проти грипу, інактивована, що містить розщеплений вірус або поверхневий антиген вірусу"
437968,"вакцина проти грипу, інактивована, що містить розщеплений вірус або поверхневий антиген вірусу"
437967,"вакцина проти грипу, інактивована, що містить розщеплений вірус або поверхневий антиген вірусу"
437962,"амброксол"
437957,"амброксол"
437952,"амброксол"
437947,"амброксол"
437942,"гадобутрол"
437937,"гадобутрол"
437932,"гадобутрол"
437927,"гадобутрол"
437922,"гадобутрол"
437917,"гадобутрол"
437912,"гадобутрол"
437907,"гадобутрол"
437902,"гадобутрол"
437897,"гадобутрол"
437892,"гадобутрол"
437887,"гадобутрол"
437882,"гадобутрол"
437877,"гадобутрол"
437872,"гадобутрол"
437867,"гадобутрол"
437862,"гадобутрол"
437857,"гадобутрол"
437852,"гадобутрол"
437847,"гадобутрол"
437842,"гадобутрол"
437837,"гадобутрол"
437832,"гадобутрол"
437827,"гадобутрол"
437822,"гадобутрол"
437817,"гадобутрол"
437812,"гадобутрол"
437807,"гадобутрол"
437802,"гадобутрол"
437797,"гадобутрол"
437794,"атракурій"
437791,"атракурій"
437787,"лідокаїн"
437783,"лідокаїн"
437779,"лідокаїн"
437775,"лідокаїн"
437771,"лідокаїн"
437767,"лідокаїн"
437764,"атропін"
437761,"атропін"
437749,"*оксолін"
437741,"*оксолін"
437736,"*vincetoxicum hirundinaria"
437735,"*vincetoxicum hirundinaria"
437734,"*vincetoxicum hirundinaria"
437733,"*sulfur"
437732,"*sulfur"
437729,"*vincetoxicum hirundinaria"
437728,"*vincetoxicum hirundinaria"
437727,"*vincetoxicum hirundinaria"
437726,"*sulfur"
437725,"*sulfur"
437722,"*vincetoxicum hirundinaria"
437721,"*vincetoxicum hirundinaria"
437720,"*vincetoxicum hirundinaria"
437719,"*sulfur"
437718,"*sulfur"
437715,"фенпрокумон"
437712,"кофеїн"
437709,"кофеїн"
437706,"кофеїн"
437686,"*діоксидин"
437684,"*діоксидин"
437682,"кислота транексамова"
437680,"кислота транексамова"
437674,"кеторолак"
437668,"кеторолак"
437662,"дигоксин"
437656,"дигоксин"
437650,"дигоксин"
437645,"декскетопрофен"
437640,"декскетопрофен"
437635,"декскетопрофен"
437626,"*ліофілізований з водного розчину екстракт передміхурової залози биків, отриманий шляхом екстракції"
437616,"мепівакаїн"
437612,"мепівакаїн"
437608,"мепівакаїн"
437604,"мепівакаїн"
437599,"*бендазол"
437594,"*бендазол"
437587,"теноксикам"
437585,"*етилметилгідроксипіридину сукцинат"
437583,"*етилметилгідроксипіридину сукцинат"
437581,"*етилметилгідроксипіридину сукцинат"
437579,"*етилметилгідроксипіридину сукцинат"
437573,"філграстим"
437570,"*viscum album"
437569,"*thymus suis d10"
437568,"*sulfur"
437567,"*splen suis d10"
437566,"*sempervivum tectorum"
437565,"*sedum acre"
437564,"*pulsatilla pratensis"
437563,"*natrium diethyloxalaceticum"
437562,"*medulla ossis suis d10"
437561,"*hepar"
437560,"*glandula thyreoidea"
437559,"*galium aparine"
437558,"*funiculus umbilicalis"
437557,"*fucus vesiculosus"
437556,"*euspongia officinalis"
437555,"*cortisonum aceticum"
437554,"*corpus pineale suis d8"
437553,"*conium maculatum"
437552,"*colchicum autumnale"
437551,"*calcium fluoratum"
437550,"*adenosium triphosphoricum"
437549,"*acidum malicum"
437548,"*acidum l(+)-lacticum d3"
437547,"*acidum fumaricum"
437546,"*acidum alpha-ketoglutaricum"
437543,"*viscum album"
437542,"*thymus suis d10"
437541,"*sulfur"
437540,"*splen suis d10"
437539,"*sempervivum tectorum"
437538,"*sedum acre"
437537,"*pulsatilla pratensis"
437536,"*natrium diethyloxalaceticum"
437535,"*medulla ossis suis d10"
437534,"*hepar"
437533,"*glandula thyreoidea"
437532,"*galium aparine"
437531,"*funiculus umbilicalis"
437530,"*fucus vesiculosus"
437529,"*euspongia officinalis"
437528,"*cortisonum aceticum"
437527,"*corpus pineale suis d8"
437526,"*conium maculatum"
437525,"*colchicum autumnale"
437524,"*calcium fluoratum"
437523,"*adenosium triphosphoricum"
437522,"*acidum malicum"
437521,"*acidum l(+)-lacticum d3"
437520,"*acidum fumaricum"
437519,"*acidum alpha-ketoglutaricum"
437516,"*viscum album"
437515,"*thymus suis d10"
437514,"*sulfur"
437513,"*splen suis d10"
437512,"*sempervivum tectorum"
437511,"*sedum acre"
437510,"*pulsatilla pratensis"
437509,"*natrium diethyloxalaceticum"
437508,"*medulla ossis suis d10"
437507,"*hepar"
437506,"*glandula thyreoidea"
437505,"*galium aparine"
437504,"*funiculus umbilicalis"
437503,"*fucus vesiculosus"
437502,"*euspongia officinalis"
437501,"*cortisonum aceticum"
437500,"*corpus pineale suis d8"
437499,"*conium maculatum"
437498,"*colchicum autumnale"
437497,"*calcium fluoratum"
437496,"*adenosium triphosphoricum"
437495,"*acidum malicum"
437494,"*acidum l(+)-lacticum d3"
437493,"*acidum fumaricum"
437492,"*acidum alpha-ketoglutaricum"
437479,"терифлуномід"
437471,"адалімумаб"
437463,"адалімумаб"
437460,"*вазопресин"
437457,"*вазопресин"
437454,"*вазопресин"
437451,"*вазопресин"
437449,"мельдоній"
437447,"холіну альфосцерат"
437445,"холіну альфосцерат"
437441,"*екстракт з кісткового мозку та міжреберних хрящів молодих телят"
437437,"*екстракт з кісткового мозку та міжреберних хрящів молодих телят"
437433,"*екстракт з кісткового мозку та міжреберних хрящів молодих телят"
437429,"*екстракт з кісткового мозку та міжреберних хрящів молодих телят"
437425,"*екстракт з кісткового мозку та міжреберних хрящів молодих телят"
437421,"*екстракт з кісткового мозку та міжреберних хрящів молодих телят"
437416,"налбуфін"
437411,"налбуфін"
437406,"налбуфін"
437401,"налбуфін"
437396,"налбуфін"
437391,"налбуфін"
437386,"ондансетрон"
437381,"ондансетрон"
437376,"ондансетрон"
437371,"ондансетрон"
437366,"ондансетрон"
437361,"ондансетрон"
437360,"стрептоміцин"
437343,"нікотинамід"
437342,"Препарати активованого вугілля"
437341,"*симетикон"
437340,"*папаїн"
437339,"діастаза"
437322,"нікотинамід"
437321,"Препарати активованого вугілля"
437320,"*симетикон"
437319,"*папаїн"
437318,"діастаза"
437301,"нікотинамід"
437300,"Препарати активованого вугілля"
437299,"*симетикон"
437298,"*папаїн"
437297,"діастаза"
437291,"фактор згортання IX"
437285,"фактор згортання IX"
437279,"фактор згортання IX"
437273,"фактор згортання IX"
437267,"налбуфін"
437261,"налбуфін"
437256,"фульвестрант"
437251,"фульвестрант"
437244,"метоклопрамід"
437237,"метоклопрамід"
437228,"інсулін (людський)"
437219,"інсулін (людський)"
437215,"адеметіонін"
437212,"цитиколін"
437207,"декскетопрофен"
437201,"пегвісомант"
437197,"лідокаїн"
437192,"декскетопрофен"
437187,"декскетопрофен"
437182,"декскетопрофен"
437168,"такролімус"
437165,"хондроїтину сульфат"
437164,"цефоперазон"
437163,"сульбактам"
437162,"цефоперазон"
437161,"сульбактам"
437160,"цефоперазон"
437159,"сульбактам"
437156,"надропарин"
437153,"надропарин"
437150,"надропарин"
437147,"надропарин"
437144,"надропарин"
437141,"надропарин"
437138,"надропарин"
437135,"надропарин"
437132,"надропарин"
437129,"надропарин"
437126,"надропарин"
437123,"надропарин"
437120,"надропарин"
437117,"надропарин"
437114,"надропарин"
437111,"надропарин"
437108,"надропарин"
437105,"надропарин"
437102,"надропарин"
437099,"надропарин"
437096,"надропарин"
437093,"надропарин"
437090,"надропарин"
437087,"надропарин"
437083,"*есцинової солі 2,6-діаміногексанова кислота"
437076,"*алерген-туберкулопротеїн"
437069,"*алерген-туберкулопротеїн"
437062,"*алерген-туберкулопротеїн"
437055,"*алерген-туберкулопротеїн"
437048,"*алерген-туберкулопротеїн"
437041,"*алерген-туберкулопротеїн"
437034,"*алерген-туберкулопротеїн"
437027,"*алерген-туберкулопротеїн"
437023,"нефопам"
437020,"*етилметилгідроксипіридину сукцинат"
437017,"*етилметилгідроксипіридину сукцинат"
437014,"*етилметилгідроксипіридину сукцинат"
437011,"*етилметилгідроксипіридину сукцинат"
437006,"бетаметазон"
437001,"бетаметазон"
436996,"бетаметазон"
436994,"мельдоній"
436990,"кетамін"
436986,"кетамін"
436981,"торасемід"
436966,"цефотаксим"
436965,"цефотаксим"
436964,"цефотаксим"
436963,"цефотаксим"
436962,"цефотаксим"
436961,"цефотаксим"
436953,"латанопрост"
436952,"ампіцилін"
436951,"ампіцилін"
436945,"кеторолак"
436939,"кеторолак"
436933,"кеторолак"
436927,"цитиколін"
436925,"дифенгідрамін"
436921,"кислота золедронова"
436917,"кислота золедронова"
436913,"кислота золедронова"
436897,"*глюкоза, безводна"
436893,"*глюкоза, безводна"
436889,"*глюкоза, безводна"
436885,"*глюкоза, безводна"
436881,"*глюкоза, безводна"
436877,"*глюкоза, безводна"
436873,"*глюкоза, безводна"
436869,"*глюкоза, безводна"
436857,"*тирозин"
436856,"*гістидин"
436855,"триптофан"
436854,"*треонін"
436853,"лізин"
436852,"*кальцієва сіль"
436851,"*кальцієва сіль"
436850,"*кальцієва сіль"
436849,"*кальцієва сіль"
436848,"*кальцієва сіль"
436845,"лідокаїн"
436838,"вінпоцетин"
436834,"допамін"
436807,"преднізолон"
436800,"преднізолон"
436797,"ціанокобаламін"
436794,"динопростон"
436790,"адеметіонін"
436783,"етинілестрадіол"
436782,"дезогестрел"
436778,"нефопам"
436774,"нефопам"
436770,"нефопам"
436766,"папаверин"
436762,"папаверин"
436758,"папаверин"
436750,"мелоксикам"
436747,"кислота транексамова"
436746,"цефтріаксон"
436745,"цефтріаксон"
436744,"цефтріаксон"
436743,"цефтріаксон"
436742,"цефтріаксон"
436735,"мелфалан"
436728,"мелфалан"
436726,"*платифілін гідротартрат"
436724,"*платифілін гідротартрат"
436722,"*платифілін гідротартрат"
436659,"ціанокобаламін"
436658,"піридоксин (вітамін В6)"
436657,"тіамін (вітамін В1)"
436652,"дексаметазон"
436647,"дексаметазон"
436642,"дексаметазон"
436637,"дексаметазон"
436635,"мельдоній"
436632,"трамадол"
436629,"трамадол"
436609,"цитиколін"
436604,"інтерферон альфа-2а"
436595,"іксазоміб"
436593,"натрію ацетат"
436592,"магнію хлорид"
436591,"кальцію хлорид"
436590,"натрію хлорид"
436589,"глюкоза"
436587,"натрію ацетат"
436586,"магнію хлорид"
436585,"кальцію хлорид"
436584,"натрію хлорид"
436583,"глюкоза"
436581,"натрію ацетат"
436580,"магнію хлорид"
436579,"кальцію хлорид"
436578,"натрію хлорид"
436577,"глюкоза"
436575,"натрію ацетат"
436574,"магнію хлорид"
436573,"кальцію хлорид"
436572,"натрію хлорид"
436571,"глюкоза"
436569,"натрію ацетат"
436568,"магнію хлорид"
436567,"кальцію хлорид"
436566,"натрію хлорид"
436565,"глюкоза"
436563,"натрію ацетат"
436562,"магнію хлорид"
436561,"кальцію хлорид"
436560,"натрію хлорид"
436559,"глюкоза"
436557,"натрію ацетат"
436556,"магнію хлорид"
436555,"кальцію хлорид"
436554,"натрію хлорид"
436553,"глюкоза"
436551,"ацикловір"
436546,"вакцина проти грипу, інактивована, що містить розщеплений вірус або поверхневий антиген вірусу"
436545,"вакцина проти грипу, інактивована, що містить розщеплений вірус або поверхневий антиген вірусу"
436544,"вакцина проти грипу, інактивована, що містить розщеплений вірус або поверхневий антиген вірусу"
436543,"вакцина проти грипу, інактивована, що містить розщеплений вірус або поверхневий антиген вірусу"
436538,"вакцина проти грипу, інактивована, що містить розщеплений вірус або поверхневий антиген вірусу"
436537,"вакцина проти грипу, інактивована, що містить розщеплений вірус або поверхневий антиген вірусу"
436536,"вакцина проти грипу, інактивована, що містить розщеплений вірус або поверхневий антиген вірусу"
436535,"вакцина проти грипу, інактивована, що містить розщеплений вірус або поверхневий антиген вірусу"
436531,"гентаміцин"
436527,"гентаміцин"
436523,"гентаміцин"
436519,"гентаміцин"
436515,"гентаміцин"
436511,"дротаверин"
436507,"дротаверин"
436503,"дротаверин"
436497,"дарбепоетин альфа"
436496,"цефоперазон"
436495,"цефоперазон"
436494,"цефоперазон"
436491,"циклесонід"
436487,"кислота аскорбінова"
436483,"кислота аскорбінова"
436479,"кислота аскорбінова"
436475,"кислота аскорбінова"
436470,"кеторолак"
436465,"кеторолак"
436460,"кеторолак"
436454,"інсулін (людський)"
436448,"інсулін (людський)"
436426,"ропівакаїн"
436424,"холіну альфосцерат"
436422,"холіну альфосцерат"
436420,"холіну альфосцерат"
436418,"холіну альфосцерат"
436416,"холіну альфосцерат"
436413,"левокарнітин"
436409,"урофолітропін"
436406,"глатирамеру ацетат"
436397,"галоперидол"
436392,"епінефрин"
436391,"артикаїн"
436386,"епінефрин"
436385,"артикаїн"
436380,"епінефрин"
436379,"артикаїн"
436377,"еноксапарин"
436369,"*РИБ'ЯЧИЙ ЖИР, З ВИСОКИМ ВМІСТОМ ОМЕГА-3-КИСЛОТ"
436368,"*ОЛИВКОВА ОЛІЯ, РАФІНОВАНА"
436367,"*ТРИГЛІЦЕРИДИ СЕРЕДНЬОГО ЛАНЦЮГА"
436366,"*ОЛІЯ СОЄВИХ БОБІВ, РАФІНОВАНА"
436365,"сульфат цинку"
436364,"натрію ацетат"
436363,"калію хлорид"
436362,"магнію сульфат"
436361,"натрію гліцерофосфат"
436360,"кальцію хлорид"
436359,"*Валін"
436358,"*тірозин"
436357,"триптофан"
436356,"*Треонін"
436355,"*Таурін"
436354,"*Серин"
436353,"*пролін"
436352,"*Фенілаланін"
436351,"метіонін"
436350,"лізин"
436349,"*Лейцин"
436348,"*Ізолейцин"
436347,"*Гістидин"
436346,"гліцин"
436345,"*аргінін"
436344,"*Аланін"
436343,"глюкоза"
436335,"*РИБ'ЯЧИЙ ЖИР, З ВИСОКИМ ВМІСТОМ ОМЕГА-3-КИСЛОТ"
436334,"*ОЛИВКОВА ОЛІЯ, РАФІНОВАНА"
436333,"*ТРИГЛІЦЕРИДИ СЕРЕДНЬОГО ЛАНЦЮГА"
436332,"*ОЛІЯ СОЄВИХ БОБІВ, РАФІНОВАНА"
436331,"сульфат цинку"
436330,"натрію ацетат"
436329,"калію хлорид"
436328,"магнію сульфат"
436327,"натрію гліцерофосфат"
436326,"кальцію хлорид"
436325,"*Валін"
436324,"*тірозин"
436323,"триптофан"
436322,"*Треонін"
436321,"*Таурін"
436320,"*Серин"
436319,"*пролін"
436318,"*Фенілаланін"
436317,"метіонін"
436316,"лізин"
436315,"*Лейцин"
436314,"*Ізолейцин"
436313,"*Гістидин"
436312,"гліцин"
436311,"*аргінін"
436310,"*Аланін"
436309,"глюкоза"
436301,"*РИБ'ЯЧИЙ ЖИР, З ВИСОКИМ ВМІСТОМ ОМЕГА-3-КИСЛОТ"
436300,"*ОЛИВКОВА ОЛІЯ, РАФІНОВАНА"
436299,"*ТРИГЛІЦЕРИДИ СЕРЕДНЬОГО ЛАНЦЮГА"
436298,"*ОЛІЯ СОЄВИХ БОБІВ, РАФІНОВАНА"
436297,"сульфат цинку"
436296,"натрію ацетат"
436295,"калію хлорид"
436294,"магнію сульфат"
436293,"натрію гліцерофосфат"
436292,"кальцію хлорид"
436291,"*Валін"
436290,"*тірозин"
436289,"триптофан"
436288,"*Треонін"
436287,"*Таурін"
436286,"*Серин"
436285,"*пролін"
436284,"*Фенілаланін"
436283,"метіонін"
436282,"лізин"
436281,"*Лейцин"
436280,"*Ізолейцин"
436279,"*Гістидин"
436278,"гліцин"
436277,"*аргінін"
436276,"*Аланін"
436275,"глюкоза"
436267,"*РИБ'ЯЧИЙ ЖИР, З ВИСОКИМ ВМІСТОМ ОМЕГА-3-КИСЛОТ"
436266,"*ОЛИВКОВА ОЛІЯ, РАФІНОВАНА"
436265,"*ТРИГЛІЦЕРИДИ СЕРЕДНЬОГО ЛАНЦЮГА"
436264,"*ОЛІЯ СОЄВИХ БОБІВ, РАФІНОВАНА"
436263,"сульфат цинку"
436262,"натрію ацетат"
436261,"калію хлорид"
436260,"магнію сульфат"
436259,"натрію гліцерофосфат"
436258,"кальцію хлорид"
436257,"*Валін"
436256,"*тірозин"
436255,"триптофан"
436254,"*Треонін"
436253,"*Таурін"
436252,"*Серин"
436251,"*пролін"
436250,"*Фенілаланін"
436249,"метіонін"
436248,"лізин"
436247,"*Лейцин"
436246,"*Ізолейцин"
436245,"*Гістидин"
436244,"гліцин"
436243,"*аргінін"
436242,"*Аланін"
436241,"глюкоза"
436233,"*РИБ'ЯЧИЙ ЖИР, З ВИСОКИМ ВМІСТОМ ОМЕГА-3-КИСЛОТ"
436232,"*ОЛИВКОВА ОЛІЯ, РАФІНОВАНА"
436231,"*ТРИГЛІЦЕРИДИ СЕРЕДНЬОГО ЛАНЦЮГА"
436230,"*ОЛІЯ СОЄВИХ БОБІВ, РАФІНОВАНА"
436229,"сульфат цинку"
436228,"натрію ацетат"
199681,"цефтазидим"
199679,"цефтазидим"
199668,"левофлоксацин"
199661,"левофлоксацин"
199656,"левофлоксацин"
199655,"цефепім"
199654,"цефепім"
199634,"*клавуланова кислота"
199633,"амоксицилін"
199627,"*клавуланова кислота"
199626,"амоксицилін"
199601,"цефдинір"
199593,"цефдинір"
